Company Name ,,,,,,,,,,,,,,,,,,,,,,,,,,,,,,,,
A - 1 MATTRESS FACTORY,USANAFTA,,,337910,,,,,,,,,,,,,,,,,,,,,,,,,,,,
"A - 1 PLATING CO., INC",USANAFTA,,,332813,,,,,,,,,,,,,,,,,,,,,,,,,,,,
"A - DEC INTERNATIONAL, INC.",USANAFTA,,,339114,,,,,,,,,,,,,,,,,,,,,,,,,,,,
A&M Cabinets ,,,,,,,,,,,,,,,,,,,,,,,,,,,,,,,,
"A C PRODUCTS, INC.",USANAFTA,,,327110,,,,,,,,,,,,,,,,,,,,,,,,,,,,
A.J. ANTUNES & CO.,USANAFTA,,,333318,334513,335931,,,,,,,,,,,,,,,,,,,,,,,,,,
A.O. Smith Company,FTCOAL,,,335228,,,,,,,,,,,,,,,,,,,,,,,,,,,,
ABBOTT LABORATORIES,USANAFTA,FTCOAL,,339115,325411,325412,325413,325414,,,,,,,,,,,,,,,,,,,,,,,,
ABCO DIE CASTERS INC.,USANAFTA,,,333511,332812,,,,,,,,,,,,,,,,,,,,,,,,,,,
"ACF INDUSTRIES, INC.",USANAFTA,,,336510,,,,,,,,,,,,,,,,,,,,,,,,,,,,
ACME ABRASIVE CO.,USANAFTA,,,327910,,,,,,,,,,,,,,,,,,,,,,,,,,,,
ACME FOUNDRY INC.,USANAFTA,,,331511,331512,,,,,,,,,,,,,,,,,,,,,,,,,,,
ACME INDUSTRIAL EQUIPMENT,USANAFTA,,,,,,,,,,,,,,,,,,,,,,,,,,,,,,,
ACME MANUFACTURING CO.,USANAFTA,,,327910,333517,333519,,,,,,,,,,,,,,,,,,,,,,,,,,
"ACME VIAL & GLASS CO., INC.",USANAFTA,,,327212,327213,,,,,,,,,,,,,,,,,,,,,,,,,,,
"ADAMS BUSINESS FORMS, INC.",USANAFTA,,,323111,323113,,,,,,,,,,,,,,,,,,,,,,,,,,,
"ADH HEALTH PRODUCTS, INC.",USANAFTA,,,325412,325411,,,,,,,,,,,,,,,,,,,,,,,,,,,
ADVANCE GRAPHICS EQUIPMENT,USANAFTA,,,333244,323120,,,,,,,,,,,,,,,,,,,,,,,,,,,
"ADVANTEK, INC.",USANAFTA,,,327992,326112,326111,334413,,,,,,,,,,,,,,,,,,,,,,,,,
"AERATION INDUSTRIES INTL., INC.",USANAFTA,,,333318,,,,,,,,,,,,,,,,,,,,,,,,,,,,
"AERMOTOR PUMPS, INC.",USANAFTA,,,333911,,,,,,,,,,,,,,,,,,,,,,,,,,,,
AETNA INSULATED WIRE CO.,USANAFTA,,,331318,331420,331222,,,,,,,,,,,,,,,,,,,,,,,,,,
AE Staley Manufacturing,AGNAF,,,311221,,,,,,,,,,,,,,,,,,,,,,,,,,,,
Affiliated Rice Milling,AGNAF,,,311212,,,,,,,,,,,,,,,,,,,,,,,,,,,,
AG PROCESSING INC.,USANAFTA,AGNAF,,311224,311211,311221,,,,,,,,,,,,,,,,,,,,,,,,,,
Agrigenetics,AGNAF,,,111110,111120,111130,,,,,,,,,,,,,,,,,,,,,,,,,,
"Agri Mark, inc.",CT25 ,,,311514,,,,,,,,,,,,,,,,,,,,,,,,,,,,
"AHLSTROM FILTRATION, INC.",USANAFTA,,,336390,,,,,,,,,,,,,,,,,,,,,,,,,,,,
"AIR FILTRATION CO., INC.",USANAFTA,,,333413,333999,,,,,,,,,,,,,,,,,,,,,,,,,,,
"AIR PRODUCTS & CHEMICALS, INC.",USANAFTA,FTCOAL,,325120,325180,325613,325211,325510,325520,325991,,,,,,,,,,,,,,,,,,,,,,
"AIR-HYDRAULICS, INC.",USANAFTA,,,333517,333515,,,,,,,,,,,,,,,,,,,,,,,,,,,
"AKZO SALT, INC.",USANAFTA,,,325998,311942,325180,,,,,,,,,,,,,,,,,,,,,,,,,,
ALABAMA METAL INDUSTRIES CORP.,USANAFTA,,,332323,331222,331221,,,,,,,,,,,,,,,,,,,,,,,,,,
ALBANY INTERNATIONAL CORP.,USANAFTA,,,313210,313220,313230,,,,,,,,,,,,,,,,,,,,,,,,,,
ALBERTO-CULVER CO.,USANAFTA,,,325620,,,,,,,,,,,,,,,,,,,,,,,,,,,,
ALL AMERICAN MFRG.,USANAFTA,,,,,,,,,,,,,,,,,,,,,,,,,,,,,,,
ALLEGHENY FOUNDRY COMPANY,USANAFTA,,,333511,332312,,,,,,,,,,,,,,,,,,,,,,,,,,,
"Allergan, inc.",CT5 ,,,325411,325412,,,,,,,,,,,,,,,,,,,,,,,,,,,
ALLIED SIGNAL INC.,USANAFTA,,,336320,334511,,,,,,,,,,,,,,,,,,,,,,,,,,,
"ALLIED SINTERINGS, INC.",USANAFTA,,,333517,,,,,,,,,,,,,,,,,,,,,,,,,,,,
Allied Tube & Conduit Corp.,CT5 ,,,331420,331491,332996,,,,,,,,,,,,,,,,,,,,,,,,,,
Alpha Lyracom Pan American Satellite,FTCOAL,,,334220,,,,,,,,,,,,,,,,,,,,,,,,,,,,
Alpha Tube,CT5 ,,,331210,,,,,,,,,,,,,,,,,,,,,,,,,,,,
ALUMINUM COMPANY OF AMERICA,USANAFTA,FTCOAL,,331313,331314,331315,331318,331410,331491,331523,331524,336370,,,,,,,,,,,,,,,,,,,,
"ALVEY, INC.",USANAFTA,,,333922,,,,,,,,,,,,,,,,,,,,,,,,,,,,
"AMBU, INC.",USANAFTA,,,339112,334510,,,,,,,,,,,,,,,,,,,,,,,,,,,
"AMERICAN BRANDS, INC.",USANAFTA,FTCOAL,,312230,,,,,,,,,,,,,,,,,,,,,,,,,,,,
AMERICAN CHROME & CHEMICALS,USANAFTA,,,325180,,,,,,,,,,,,,,,,,,,,,,,,,,,,
"AMERICAN COINSA, INC.",USANAFTA,,,,,,,,,,,,,,,,,,,,,,,,,,,,,,,
"AMERICAN CONTROL ENHANCEMENT, INC.",USANAFTA,,,,,,,,,,,,,,,,,,,,,,,,,,,,,,,
AMERICAN CYANAMID COMPANY,USANAFTA,FTCOAL,,325211,325220,325180,325620,325612,,,,,,,,,,,,,,,,,,,,,,,,
AMERICAN DIAMOND TOOL INC.,USANAFTA,,,333515,333514,,,,,,,,,,,,,,,,,,,,,,,,,,,
AMERICAN DIGITAL SWITCHING,USANAFTA,,,334418,,,,,,,,,,,,,,,,,,,,,,,,,,,,
AMERICAN EAGLE BRICK CO.,USANAFTA,,,327120,,,,,,,,,,,,,,,,,,,,,,,,,,,,
AMERICAN HOME PRODUCTS CORP.,USANAFTA,FTCOAL,,325412,325411,,,,,,,,,,,,,,,,,,,,,,,,,,,
"AMERICAN INGREDIENTS, CO.",USANAFTA,,,311821,,,,,,,,,,,,,,,,,,,,,,,,,,,,
"AMERICAN INTERNATIONAL CONTAINER, INC.",USANAFTA,,,327213,,,,,,,,,,,,,,,,,,,,,,,,,,,,
"AMERICAN LABORATORIES, INC.",USANAFTA,,,325411,325412,325199,,,,,,,,,,,,,,,,,,,,,,,,,,
AMERICAN LINC CORPORATION,USANAFTA,,,333249,333922,,,,,,,,,,,,,,,,,,,,,,,,,,,
"AMERICAN MACHINE & GEAR, INC.",USANAFTA,,,333612,,,,,,,,,,,,,,,,,,,,,,,,,,,,
American Maize-Products Company,AGNAF,,,311221,312230,,,,,,,,,,,,,,,,,,,,,,,,,,,
AMERICAN PRECISION INDUSTRIES INC.,USANAFTA,,,335314,332721,335312,,,,,,,,,,,,,,,,,,,,,,,,,,
American Rice Incorporated,AGNAF,,,311212,,,,,,,,,,,,,,,,,,,,,,,,,,,,
AMERICAN TOOL COMPANIES,USANAFTA,,,322216,,,,,,,,,,,,,,,,,,,,,,,,,,,,
American Tube Co.,CT5 ,,,331210,,,,,,,,,,,,,,,,,,,,,,,,,,,,
AMERICANA BUILDING PORDUCTS BY HINDMAN,USANAFTA,,,332311,332323,337127,,,,,,,,,,,,,,,,,,,,,,,,,,
AMES METAL PRODUCTS CO.,USANAFTA,,,331491,331529,,,,,,,,,,,,,,,,,,,,,,,,,,,
AMOCO CORPORATION,USANAFTA,FTCOAL,,211111,211112,324110,324121,324191,324199,325110,,,,,,,,,,,,,,,,,,,,,,
"AMP, INC.",USANAFTA,,,334112,,,,,,,,,,,,,,,,,,,,,,,,,,,,
AMPACET CORPORATION,USANAFTA,,,325998,325130,325991,,,,,,,,,,,,,,,,,,,,,,,,,,
AMS PLASTICS,USANAFTA,,,326199,333511,,,,,,,,,,,,,,,,,,,,,,,,,,,
AMSPEC CHEMICAL CORPORATION,USANAFTA,,,325998,325120,325180,,,,,,,,,,,,,,,,,,,,,,,,,,
"AMUSEMENT GAMES, INC.",USANAFTA,,,333318,,,,,,,,,,,,,,,,,,,,,,,,,,,,
AMWAY CORP.,USANAFTA,,,325620,325611,325612,325411,325412,325413,325414,,,,,,,,,,,,,,,,,,,,,,
ANAMAX CORPORATION,USANAFTA,,,311612,,,,,,,,,,,,,,,,,,,,,,,,,,,,
Anchor Advanced Products,FTCOAL,,,333511,,,,,,,,,,,,,,,,,,,,,,,,,,,,
ANCHOR GLASS CONTAINER CORPORATION,USANAFTA,CT2,,327213,,,,,,,,,,,,,,,,,,,,,,,,,,,,
ANCHOR TOOL & DIE,USANAFTA,,,333514,,,,,,,,,,,,,,,,,,,,,,,,,,,,
ANDERSON SHUMAKER COMPANY,USANAFTA,,,332111,332112,,,,,,,,,,,,,,,,,,,,,,,,,,,
"APEX PLASTIC INDUSTRIES, INC.",USANAFTA,,,326130,326121,325211,,,,,,,,,,,,,,,,,,,,,,,,,,
"APPLAUSE, INC.",USANAFTA,,,339930,,,,,,,,,,,,,,,,,,,,,,,,,,,,
"APPLE COMPUTER, INC.",USANAFTA,,,334111,334112,334220,334614,,,,,,,,,,,,,,,,,,,,,,,,,
APPLIED INDUSTRIAL MATERIALS CORP.,USANAFTA,,,334413,334416,333242,334112,334118,334220,334513,335314,,,,,,,,,,,,,,,,,,,,,
"APOGEE DESIGNS, LTD.",USANAFTA,,,334516,,,,,,,,,,,,,,,,,,,,,,,,,,,,
"AQUA CLEAR INDUSTRIES, INC.",USANAFTA,,,325998,,,,,,,,,,,,,,,,,,,,,,,,,,,,
"AQUA-AEROBIC SYSTEMS, INC.",USANAFTA,,,333318,334513,,,,,,,,,,,,,,,,,,,,,,,,,,,
ARCADIA,USANAFTA,,,337214,337215,337211,,,,,,,,,,,,,,,,,,,,,,,,,,
Archer Daniels Midland,AGNAF,,,311340,311351,311612,31181,311821,311224,311211,311212,311221,311111,311119,325193,325180,325194,325199,322110,,,,,,,,,,,,,
ARCON MFG. INC.,USANAFTA,,,333922,,,,,,,,,,,,,,,,,,,,,,,,,,,,
ARDCO INDUSTRIES,USANAFTA,,,333131,336612,,,,,,,,,,,,,,,,,,,,,,,,,,,
Arical Paper Products,FTCOAL,,,,,,,,,,,,,,,,,,,,,,,,,,,,,,,
ARISTECH CHEMICAL CORPORATION,USANAFTA,,,324110,325211,325194,,,,,,,,,,,,,,,,,,,,,,,,,,
ARKANSAS EASTMAN DIVISION,USANAFTA,,,334118,322320,32212,325992,,,,,,,,,,,,,,,,,,,,,,,,,
ARKWRIGHT MILLS,USANAFTA,,,313210,,,,,,,,,,,,,,,,,,,,,,,,,,,,
ARMITE LABORATORIES,USANAFTA,,,325998,,,,,,,,,,,,,,,,,,,,,,,,,,,,
ARMOR ALL PRODUCTS CORP.,USANAFTA,,,325612,,,,,,,,,,,,,,,,,,,,,,,,,,,,
ARMSTRONG WORLD INDUSTRIES,USANAFTA,FTCOAL,,321211,321213,326199,321918,,,,,,,,,,,,,,,,,,,,,,,,,
"ARMTEX, INC.",USANAFTA,,,313240,,,,,,,,,,,,,,,,,,,,,,,,,,,,
"ARROWHEAD MILLS, INC.",USANAFTA,,,311230,311211,311824,311911,311999,311422,,,,,,,,,,,,,,,,,,,,,,,
"ARCTIC PRODUCTS, INC.",USANAFTA,,,332312,,,,,,,,,,,,,,,,,,,,,,,,,,,,
Artesian Ice,FTCOAL,,,312113,,,,,,,,,,,,,,,,,,,,,,,,,,,,
"ARTISTIC PRODUCTS, INC.",USANAFTA,,,,,,,,,,,,,,,,,,,,,,,,,,,,,,,
"ASARCO, INC.",USANAFTA,,,331410,212234,,,,,,,,,,,,,,,,,,,,,,,,,,,
ASEA BROWN BOVERI,USANAFTA,FTCOAL,,335311,335313,335314,334416,334417,334419,221121,333612,333613,333618,334512,334513,335312,334413,,,,,,,,,,,,,,,
"ASHLAND OIL, INC.",USANAFTA,FTCOAL,,325613,325520,325612,325510,325998,325611,,,,,,,,,,,,,,,,,,,,,,,
"ASHLAND RUBBER MAT CO., INC.",USANAFTA,,,326299,,,,,,,,,,,,,,,,,,,,,,,,,,,,
"ASK PLASTICS, INC.",USANAFTA,,,333249,326199,333511,,,,,,,,,,,,,,,,,,,,,,,,,,
AT&T,USANAFTA,FTCOAL,,334210,334220,334290,334413,,,,,,,,,,,,,,,,,,,,,,,,,
"ATCO RUBBER PRODUCTS, INC.",USANAFTA,,,332322,332313,327993,,,,,,,,,,,,,,,,,,,,,,,,,,
ATHENS FURNITURE INDUSTRIES,USANAFTA,,,337122,,,,,,,,,,,,,,,,,,,,,,,,,,,,
ATLANTIC RICHFIELD,USANAFTA,FTCOAL,,324110,211111,,,,,,,,,,,,,,,,,,,,,,,,,,,
ATLANTIC THREAD & SUPPLY CO.,USANAFTA,,,313110,339993,313220,,,,,,,,,,,,,,,,,,,,,,,,,,
ATLAS ELECTRIC DEVICES CO.,USANAFTA,,,334515,334519,,,,,,,,,,,,,,,,,,,,,,,,,,,
"ATLAS IRON WORKS, INC.",USANAFTA,,,331110,332312,238120,,,,,,,,,,,,,,,,,,,,,,,,,,
ATOMIC RESEARCH INC.,USANAFTA,,,,,,,,,,,,,,,,,,,,,,,,,,,,,,,
AUGERS UNLIMITED,USANAFTA,,,333120,,,,,,,,,,,,,,,,,,,,,,,,,,,,
"AUGUSTA LOGGING EXPORTERS, INC.",USANAFTA,,,321211,337119,321113,,,,,,,,,,,,,,,,,,,,,,,,,,
AUSTIN NICHOLS,USANAFTA,,,,,,,,,,,,,,,,,,,,,,,,,,,,,,,
AUTOCLAVE ENGINEERS INC.,USANAFTA,,,332911,332912,333995,332919,,,,,,,,,,,,,,,,,,,,,,,,,
"AUTOJECTORS, INC.",USANAFTA,,,333249,,,,,,,,,,,,,,,,,,,,,,,,,,,,
AUTOMATIC EQUIPMENT MFTRG. CO.,USANAFTA,,,333111,,,,,,,,,,,,,,,,,,,,,,,,,,,,
AUTOMATIC SWITCH CO.,USANAFTA,,,332912,333995,,,,,,,,,,,,,,,,,,,,,,,,,,,
Automotive Products Company,FTCOAL,,,,,,,,,,,,,,,,,,,,,,,,,,,,,,,
AVERITT LUMBER COMPANY,USANAFTA,,,321113,,,,,,,,,,,,,,,,,,,,,,,,,,,,
"AVON PRODUCTS, INC.",USANAFTA,,,325620,,,,,,,,,,,,,,,,,,,,,,,,,,,,
"AVONDALE MILLS, INC.",USANAFTA,,,313210,313320,,,,,,,,,,,,,,,,,,,,,,,,,,,
AZIMEX INTERNATIONAL,USANAFTA,,,,,,,,,,,,,,,,,,,,,,,,,,,,,,,
"AZON USA, INC.",USANAFTA,,,326140,326199,332321,,,,,,,,,,,,,,,,,,,,,,,,,,
"B'JOUX, INC.",USANAFTA,,,,,,,,,,,,,,,,,,,,,,,,,,,,,,,
B.J. MILLER OIL CO.,USANAFTA,,,,,,,,,,,,,,,,,,,,,,,,,,,,,,,
B.W. FIBERGLASS INC.,USANAFTA,,,,,,,,,,,,,,,,,,,,,,,,,,,,,,,
Badger Meter,FTCOAL,,,334514,,,,,,,,,,,,,,,,,,,,,,,,,,,,
"BAILLIE LUMBER COMPANY, INC.",USANAFTA,,,313210,313320,,,,,,,,,,,,,,,,,,,,,,,,,,,
BALDOR ELECTRIC COMPANY,USANAFTA,,,321113,321211,321918,333922,335314,333618,333612,335312,,,,,,,,,,,,,,,,,,,,,
BANNER FIBREBOARD COMPANY,USANAFTA,,,322130,322219,,,,,,,,,,,,,,,,,,,,,,,,,,,
"BARBERTON STEEL & IRON, INC.",USANAFTA,,,331513,,,,,,,,,,,,,,,,,,,,,,,,,,,,
BARDAHL MANUFACTURING CORP.,USANAFTA,,,325998,324191,324110,,,,,,,,,,,,,,,,,,,,,,,,,,
BASIC VEGETABLES PRODUCTS L.P.,USANAFTA,,,311423,311991,,,,,,,,,,,,,,,,,,,,,,,,,,,
BAUSCH & LOMB,USANAFTA,,,339115,325412,,,,,,,,,,,,,,,,,,,,,,,,,,,
BAXTER INTERNATIONAL,USANAFTA,FTCOAL,,325411,325412,,,,,,,,,,,,,,,,,,,,,,,,,,,
"BBE SOUND, INC.",USANAFTA,,,334310,,,,,,,,,,,,,,,,,,,,,,,,,,,,
BDI/BECKER DESIGNED INC.,USANAFTA,,,337211,337122,337215,,,,,,,,,,,,,,,,,,,,,,,,,,
BEARDSLEY & PIPER,USANAFTA,,,333120,,,,,,,,,,,,,,,,,,,,,,,,,,,,
Beaumont Rice Mills Inc.,AGNAF,,,311212,111160,,,,,,,,,,,,,,,,,,,,,,,,,,,
BECHDON COMPANY,USANAFTA,,,333517,333999,,,,,,,,,,,,,,,,,,,,,,,,,,,
"BECK STEEL, INC.",USANAFTA,,,332312,,,,,,,,,,,,,,,,,,,,,,,,,,,,
Becton Dickinson,FTCOAL,,,339112,339113,325413,,,,,,,,,,,,,,,,,,,,,,,,,,
BEEHIVE BOTANICALS,USANAFTA,,,112910,,,,,,,,,,,,,,,,,,,,,,,,,,,,
BELDEN BRICK CO.,USANAFTA,,,327120,327331,,,,,,,,,,,,,,,,,,,,,,,,,,,
"BELL SPRINGS MFG. CO., INC.",USANAFTA,,,332613,,,,,,,,,,,,,,,,,,,,,,,,,,,,
BEMIS MFG. CO.,USANAFTA,AGNAF,,326191,321999,326199,326121,326122,339113,339114,334514,332911,332912,,,,,,,,,,,,,,,,,,,
BEMISS-JASON CORP.,USANAFTA,,,322211,322121,322130,,,,,,,,,,,,,,,,,,,,,,,,,,
BENACO TOOLING R&D CORP.,USANAFTA,,,333511,333514,,,,,,,,,,,,,,,,,,,,,,,,,,,
BERNS CO.,USANAFTA,,,,,,,,,,,,,,,,,,,,,,,,,,,,,,,
BESLY PRODUCTS CORPORATION,USANAFTA,,,333514,333515,332216,,,,,,,,,,,,,,,,,,,,,,,,,,
BEST POWER TECHNOLOGY SALES CORP.,USANAFTA,,,335311,335999,,,,,,,,,,,,,,,,,,,,,,,,,,,
BETHLEHEM STEEL CORPORATION,USANAFTA,FTCOAL,,331110,336611,,,,,,,,,,,,,,,,,,,,,,,,,,,
"BETZ INTERNATIONAL, INC.",USANAFTA,,,325998,,,,,,,,,,,,,,,,,,,,,,,,,,,,
BFGoodrich CO.,USANAFTA,,,326211,,,,,,,,,,,,,,,,,,,,,,,,,,,,
"BG PRODUCTS, INC.",USANAFTA,,,324191,325998,324110,,,,,,,,,,,,,,,,,,,,,,,,,,
BH ELECTRONICS INC.,USANAFTA,,,334416,335311,,,,,,,,,,,,,,,,,,,,,,,,,,,
BILCO COMPANY,USANAFTA,,,332321,332999,,,,,,,,,,,,,,,,,,,,,,,,,,,
"BINNEY & SMITH, INC.",USANAFTA,,,339940,339930,,,,,,,,,,,,,,,,,,,,,,,,,,,
"BIOANALYTICAL SYSTEMS, INCORP.",USANAFTA,,,334516,,,,,,,,,,,,,,,,,,,,,,,,,,,,
"BIZERBA USA, INC.",USANAFTA,,,333241,333993,333997,326112,322211,325520,,,,,,,,,,,,,,,,,,,,,,,
BLACK DIAMOND CORP.,USANAFTA,,,339920,315210,315240,315280,315220,,,,,,,,,,,,,,,,,,,,,,,,
Black and Decker,FTCOAL,,,332216,333991,333112,335210,,,,,,,,,,,,,,,,,,,,,,,,,
BLACKHAWK LEATHER LTD.,USANAFTA,,,316110,,,,,,,,,,,,,,,,,,,,,,,,,,,,
Blackhawk Automotive,FTCOAL,,,333999,333921,,,,,,,,,,,,,,,,,,,,,,,,,,,
"BLAIR MILLS, L.P.",USANAFTA,,,313240,313220,314110,314994,,,,,,,,,,,,,,,,,,,,,,,,,
BLANEY HARDWOODS,USANAFTA,,,321113,,,,,,,,,,,,,,,,,,,,,,,,,,,,
"BLOOM ENGINEERING COMPANY, INC.",USANAFTA,,,333414,,,,,,,,,,,,,,,,,,,,,,,,,,,,
"BLUE BIRD INTERNATIONAL, INC.",USANAFTA,,,333112,333111,,,,,,,,,,,,,,,,,,,,,,,,,,,
"BLUE WATER PLASTICS, INC.",USANAFTA,,,326199,,,,,,,,,,,,,,,,,,,,,,,,,,,,
"BMI/CHEROKEE, LTD.",USANAFTA,,,,,,,,,,,,,,,,,,,,,,,,,,,,,,,
BOEING COMPANY,USANAFTA,FTCOAL,,336411,336412,336413,336414,336415,336419,,,,,,,,,,,,,,,,,,,,,,,
BOERICKE & TAFEL,USANAFTA,,,325411,,,,,,,,,,,,,,,,,,,,,,,,,,,,
"BOHN AND DAWSON, INC.",USANAFTA,,,331210,,,,,,,,,,,,,,,,,,,,,,,,,,,,
BOISE CASCADE CORPORATION,USANAFTA,FTCOAL,,321211,321113,321219,321213,,,,,,,,,,,,,,,,,,,,,,,,,
"BONDTEC SYSTEMS, INC.",USANAFTA,,,,,,,,,,,,,,,,,,,,,,,,,,,,,,,
BOONTON ELECTRONICS CORPORATION,USANAFTA,,,334515,,,,,,,,,,,,,,,,,,,,,,,,,,,,
BORDEN MFRG. CO.,USANAFTA,,,,,,,,,,,,,,,,,,,,,,,,,,,,,,,
Borg-Warner,FTCOAL,,,333613,,,,,,,,,,,,,,,,,,,,,,,,,,,,
BOWATER INCORPORATED,USANAFTA,FTCOAL,,322121,322122,322110,,,,,,,,,,,,,,,,,,,,,,,,,,
BOWLIN ENGINEERING CO.,USANAFTA,,,333515,333517,333923,,,,,,,,,,,,,,,,,,,,,,,,,,
BP AMERICA,USANAFTA,FTCOAL,,211111,211112,324110,324121,324191,324199,325110,,,,,,,,,,,,,,,,,,,,,,
BRADFORD DYEING ASSOC.,USANAFTA,,,313310,313210,,,,,,,,,,,,,,,,,,,,,,,,,,,
BRADFORD FOREST PRODUCTS,USANAFTA,,,321113,321211,,,,,,,,,,,,,,,,,,,,,,,,,,,
BRADLEY PULVERIZER CO.,USANAFTA,,,333120,333131,,,,,,,,,,,,,,,,,,,,,,,,,,,
"BRAY INTERNATIONAL, INC.",USANAFTA,,,332911,332912,333995,,,,,,,,,,,,,,,,,,,,,,,,,,
"BRENTEX MILLS, INC.",USANAFTA,,,313210,313110,325220,,,,,,,,,,,,,,,,,,,,,,,,,,
"BRIDGESTONE/FIRESTONE, INC.",USANAFTA,,,326211,326212,333995,314994,325212,326291,326299,,,,,,,,,,,,,,,,,,,,,,
BRISTOL-MYERS SQUIBB CO.,USANAFTA,FTCOAL,,325411,325412,325413,325414,,,,,,,,,,,,,,,,,,,,,,,,,
BRITELINE EXTRUSIONS INC.,USANAFTA,,,331318,332813,,,,,,,,,,,,,,,,,,,,,,,,,,,
BROADCAST ELECTRONICS,USANAFTA,,,334220,,,,,,,,,,,,,,,,,,,,,,,,,,,,
"BRODNAX MILLS, INC.",USANAFTA,,,313110,,,,,,,,,,,,,,,,,,,,,,,,,,,,
Broussard Rice Mills,AGNAF,,,311212,111160,,,,,,,,,,,,,,,,,,,,,,,,,,,
BROWN-FORMAN CORPORATION,USANAFTA,,,312130,312140,,,,,,,,,,,,,,,,,,,,,,,,,,,
BROWNSVILLE REFINERY CORP.,USANAFTA,,,324110,,,,,,,,,,,,,,,,,,,,,,,,,,,,
Bruce Church Inc,FTCOAL,,,111219,,,,,,,,,,,,,,,,,,,,,,,,,,,,
BRUCE FOODS CORPORATION,USANAFTA,,,311421,311942,311941,311999,,,,,,,,,,,,,,,,,,,,,,,,,
Bud of California,FTCOAL,,,311411,,,,,,,,,,,,,,,,,,,,,,,,,,,,
"BULMAN PRODUCTS, INC.",USANAFTA,,,339943,,,,,,,,,,,,,,,,,,,,,,,,,,,,
BUNDY CORPORATION,USANAFTA,,,334512,,,,,,,,,,,,,,,,,,,,,,,,,,,,
BUNGE CORPORATION,USANAFTA,AGNAF,,311224,311225,311221,311111,311119,325199,325193,,,,,,,,,,,,,,,,,,,,,,
BURKE E. PORTER MACHINERY CO.,USANAFTA,,,334519,334515,333318,,,,,,,,,,,,,,,,,,,,,,,,,,
BUSH INDUSTRIES,USANAFTA,,,337122,337211,,,,,,,,,,,,,,,,,,,,,,,,,,,
BUTLER MANUFACTURING COMPANY,USANAFTA,,,332311,,,,,,,,,,,,,,,,,,,,,,,,,,,,
Butler Paper Company,FTCOAL,,,322121,,,,,,,,,,,,,,,,,,,,,,,,,,,,
C&D Valve Manufacturing Co. ,USANAFTA,,,332911,332912,,,,,,,,,,,,,,,,,,,,,,,,,,,
C.R. Bard,FTCOAL,,,339112,339113,,,,,,,,,,,,,,,,,,,,,,,,,,,
"C.W. Cole & Company, Inc. ",USANAFTA,,,335122,,,,,,,,,,,,,,,,,,,,,,,,,,,,
Caco Pacific Corp. ,USANAFTA,,,333511,,,,,,,,,,,,,,,,,,,,,,,,,,,,
"Cal-Maine Egg Products, Inc. ",USANAFTA,,,112310,,,,,,,,,,,,,,,,,,,,,,,,,,,,
Calculagraph Company,USANAFTA,,,334511,334512,335314,335931,,,,,,,,,,,,,,,,,,,,,,,,,
Caltex Petroleum,USANAFTA,,,211111,324110,324191,324199,325110,325180,325199,211112,,,,,,,,,,,,,,,,,,,,,
Campbell Soup Company,FTCOAL,,,311421,311422,311991,31194,312111,311919,311919,,,,,,,,,,,,,,,,,,,,,,
"Cannon USA, Inc. ",USANAFTA,,,333514,333249,,,,,,,,,,,,,,,,,,,,,,,,,,,
Capin Mercantile Corp.,CT10,,,,,,,,,,,,,,,,,,,,,,,,,,,,,,,
"Caprock Business Forms, Inc. ",USANAFTA,,,322230,,,,,,,,,,,,,,,,,,,,,,,,,,,,
Cardinal Scale Manufacturing Co. ,USANAFTA,,,333997,334118,,,,,,,,,,,,,,,,,,,,,,,,,,,
Cargill Incorporated,USANAFTA,AGNAF,FTCOAL,311211,311212,311221,311224,311225,311351,311611,311612,311613,311615,311930,31194,311314,111920,111120,111140,111150,111199,,,,,,,,,,,
"Carlson Formetec, Inc. ",USANAFTA,,,336412,336413,,,,,,,,,,,,,,,,,,,,,,,,,,,
Carolina Eastman Division,USANAFTA,,,325220,325194,325520,325211,325180,325212,325199,,,,,,,,,,,,,,,,,,,,,,
Carrier Corporation,USANAFTA,,,333415,333413,333414,,,,,,,,,,,,,,,,,,,,,,,,,,
Cascade Corporation,USANAFTA,,,333924,,,,,,,,,,,,,,,,,,,,,,,,,,,,
Casework Systems and Millwork,FTCOAL,,,,,,,,,,,,,,,,,,,,,,,,,,,,,,,
"Caterpillar, Inc. ",USANAFTA,CT2,FTCOAL,333111,333120,333131,333132,333618,333611,33612,335312,,,,,,,,,,,,,,,,,,,,,
Cattron Inc. ,USANAFTA,,,335314,334315,,,,,,,,,,,,,,,,,,,,,,,,,,,
Cauffiel Industries ,USANAFTA,,,333519,,,,,,,,,,,,,,,,,,,,,,,,,,,,
Cavanagh Corporation,USANAFTA,,,325910,,,,,,,,,,,,,,,,,,,,,,,,,,,,
CDF Manufacturing Corp. ,USANAFTA,,,,,,,,,,,,,,,,,,,,,,,,,,,,,,,
Celico & Company,USANAFTA,,,,,,,,,,,,,,,,,,,,,,,,,,,,,,,
Cellotape ,USANAFTA,,,323111,,,,,,,,,,,,,,,,,,,,,,,,,,,,
"Central Soya Co., Inc. ",USANAFTA,AGNAF,,311224,311225,,,,,,,,,,,,,,,,,,,,,,,,,,,
Central Supply Inc. ,USANAFTA,,,,,,,,,,,,,,,,,,,,,,,,,,,,,,,
"Certified Alloy Products, Inc. ",USANAFTA,,,331410,,,,,,,,,,,,,,,,,,,,,,,,,,,,
CF Industries,AGNAF,,,325311,325312,325314,,,,,,,,,,,,,,,,,,,,,,,,,,
Chamberlain Group,USANAFTA,FTCOAL,,335999,334290,,,,,,,,,,,,,,,,,,,,,,,,,,,
Chambord Prints ,USANAFTA,,,322220,323111,,,,,,,,,,,,,,,,,,,,,,,,,,,
Champion International Corp. ,USANAFTA,FTCOAL,,322110,321211,321113,322130,322121,,,,,,,,,,,,,,,,,,,,,,,,
Chardon Rubber Company,USANAFTA,,,326291,,,,,,,,,,,,,,,,,,,,,,,,,,,,
Charles E. Gillman Co. ,USANAFTA,FTCOAL,,335929,,,,,,,,,,,,,,,,,,,,,,,,,,,,
"Charles Machine Works, Inc. ",USANAFTA,,,333120,333131,,,,,,,,,,,,,,,,,,,,,,,,,,,
"Chatleff Controls, Inc. ",USANAFTA,,,335314,332911,,,,,,,,,,,,,,,,,,,,,,,,,,,
"Cherokee Textiles, Inc. ",USANAFTA,,,313110,,,,,,,,,,,,,,,,,,,,,,,,,,,,
Chevron Corporation,USANAFTA,,,211111,324110,324191,324199,325110,325180,325199,211112,,,,,,,,,,,,,,,,,,,,,
"Chief Automotive Systems, Inc. ",USANAFTA,,,333991,333992,333923,333318,,,,,,,,,,,,,,,,,,,,,,,,,
"Chief Industries, Inc. ",USANAFTA,,,332313,325193,311119,332311,321991,321992,332812,332710,333111,336510,332312,,,,,,,,,,,,,,,,,,
"Chillicothe Metal Co., Inc. ",USANAFTA,,,332322,332420,336212,,,,,,,,,,,,,,,,,,,,,,,,,,
"China Grove Textiles, Inc. ",USANAFTA,,,313110,,,,,,,,,,,,,,,,,,,,,,,,,,,,
Chris Industries Corporations,USANAFTA,,,332112,332323,,,,,,,,,,,,,,,,,,,,,,,,,,,
Chris Kaye Plastics Corp. ,USANAFTA,,,333511,,,,,,,,,,,,,,,,,,,,,,,,,,,,
Chrysler Corporation,USANAFTA,FTCOAL,,336111,336112,336310,336320,336330,336340,336350,336360,,,,,,,,,,,,,,,,,,,,,
"Circuit Center, Inc.",USANAFTA,,,334412,,,,,,,,,,,,,,,,,,,,,,,,,,,,
Clark Oil and Chemical,USANAFTA,,,325998,324191,,,,,,,,,,,,,,,,,,,,,,,,,,,
"Clarklift of San Diego, Inc. ",USANAFTA,,,333924,,,,,,,,,,,,,,,,,,,,,,,,,,,,
"Clement Industries, Inc. ",USANAFTA,,,336212,333111,,,,,,,,,,,,,,,,,,,,,,,,,,,
Cleyn and Tinker International ,USANAFTA,,,313210,,,,,,,,,,,,,,,,,,,,,,,,,,,,
"Club Granada, Inc. ",USANAFTA,,,,,,,,,,,,,,,,,,,,,,,,,,,,,,,
Cly-Del Manufacturing Co. ,USANAFTA,,,332119,339993,,,,,,,,,,,,,,,,,,,,,,,,,,,
CMI Industries ,USANAFTA,,,313210,313220,,,,,,,,,,,,,,,,,,,,,,,,,,,
"CMS, Inc",USANAFTA,,,,,,,,,,,,,,,,,,,,,,,,,,,,,,,
Coastal Manufacturing Inc. ,USANAFTA,,,332313,,,,,,,,,,,,,,,,,,,,,,,,,,,,
Coca-Cola Company,USANAFTA,FTCOAL,,312111,312112,,,,,,,,,,,,,,,,,,,,,,,,,,,
Colgate Palmolive,FTCOAL,,,325620,325412,325611,325612,311111,,,,,,,,,,,,,,,,,,,,,,,,
Collins & Aikman,USANAFTA,,,336360,336390,,,,,,,,,,,,,,,,,,,,,,,,,,,
Colorado Container Corp.,USANAFTA,,,322211,322212,322219,,,,,,,,,,,,,,,,,,,,,,,,,,
Colorado Molded Products,USANAFTA,,,326291,326299,326220,,,,,,,,,,,,,,,,,,,,,,,,,,
Columbia Steel Shelving Co. ,USANAFTA,,,337212,337127,337124,,,,,,,,,,,,,,,,,,,,,,,,,,
"Command Communications, Inc. ",USANAFTA,,,334210,334290,334118,,,,,,,,,,,,,,,,,,,,,,,,,,
"Communication Techniques, Inc. ",USANAFTA,,,334515,334419,,,,,,,,,,,,,,,,,,,,,,,,,,,
Compaq Computer Corporation,USANAFTA,,,334111,334112,334118,,,,,,,,,,,,,,,,,,,,,,,,,,
"Computerized Medical Systems, Inc. ",USANAFTA,,,334517,,,,,,,,,,,,,,,,,,,,,,,,,,,,
ConAgra,USANAFTA,AGNAF,,311211,311212,311221,311412,311411,311421,311422,311611,311612,311824,311919,311941,311942,311991,,,,,,,,,,,,,,,
Cone Mills,USANAFTA,,,313210,,,,,,,,,,,,,,,,,,,,,,,,,,,,
Contact Lumber,USANAFTA,,,337212,321911,,,,,,,,,,,,,,,,,,,,,,,,,,,
Continental Mineral Processing Corp. ,USANAFTA,,,212229,212322,327910,,,,,,,,,,,,,,,,,,,,,,,,,,
Contour Roll Company,USANAFTA,,,333515,333519,333514,,,,,,,,,,,,,,,,,,,,,,,,,,
Control Data Corporation,FTCOAL,,,334111,,,,,,,,,,,,,,,,,,,,,,,,,,,,
Control Resources Corporation,USANAFTA,,,334513,335314,334514,333612,,,,,,,,,,,,,,,,,,,,,,,,,
"Converting, Inc. ",USANAFTA,,,332219,,,,,,,,,,,,,,,,,,,,,,,,,,,,
Cooper Industries ,USANAFTA,FTCOAL,,335122,,,,,,,,,,,,,,,,,,,,,,,,,,,,
Cooper Tire & Rubber Co. ,USANAFTA,,,326211,,,,,,,,,,,,,,,,,,,,,,,,,,,,
"Coos Bay Fabrication & Machine, Inc. ",USANAFTA,,,332710,,,,,,,,,,,,,,,,,,,,,,,,,,,,
"Copland, Inc. ",USANAFTA,,,313210,,,,,,,,,,,,,,,,,,,,,,,,,,,,
Copperweld Corp.,USANAFTA,,,331420,,,,,,,,,,,,,,,,,,,,,,,,,,,,
Corhart Refractories Corp. ,USANAFTA,,,327120,,,,,,,,,,,,,,,,,,,,,,,,,,,,
Cormier Rice Milling Company,AGNAF,,,311212,,,,,,,,,,,,,,,,,,,,,,,,,,,,
Corning Incorporated,USANAFTA,,,327212,327213,327215,333314,335921,,,,,,,,,,,,,,,,,,,,,,,,
Corrugated Supplies Corp. ,USANAFTA,,,322211,322130,,,,,,,,,,,,,,,,,,,,,,,,,,,
Coventry Manufacturing Co. ,USANAFTA,,,332996,332710,,,,,,,,,,,,,,,,,,,,,,,,,,,
"CPC International, Inc. ",USANAFTA,,,311221,311812,311813,311911,311941,311942,311423,,,,,,,,,,,,,,,,,,,,,,
Cramerton Automotive Products,USANAFTA,,,336390,,,,,,,,,,,,,,,,,,,,,,,,,,,,
Craneveyor Corp. ,USANAFTA,,,333923,333120,332323,332312,,,,,,,,,,,,,,,,,,,,,,,,,
Crary Company,USANAFTA,,,333111,333112,333912,333120,333413,,,,,,,,,,,,,,,,,,,,,,,,
"Cratex Manufacturing Co., Inc. ",USANAFTA,,,327910,,,,,,,,,,,,,,,,,,,,,,,,,,,,
"Crathern & Smith, Inc. ",USANAFTA,,,332119,332439,,,,,,,,,,,,,,,,,,,,,,,,,,,
Crescent Manufacturing,USANAFTA,,,332722,,,,,,,,,,,,,,,,,,,,,,,,,,,,
Crescent Woolen Mills Co. ,USANAFTA,,,313110,325220,,,,,,,,,,,,,,,,,,,,,,,,,,,
Crisa Corporation,USANAFTA,,,327212,,,,,,,,,,,,,,,,,,,,,,,,,,,,
Criterion Plastics Inc. ,USANAFTA,,,326199,332710,332721,,,,,,,,,,,,,,,,,,,,,,,,,,
Crompton & Knowles Corp. ,USANAFTA,,#VALUE!,325180,325998,325199,,,,,,,,,,,,,,,,,,,,,,,,,,
Crown Iron Works Company,USANAFTA,,,333241,333111,,,,,,,,,,,,,,,,,,,,,,,,,,,
Crown Plastics Inc. ,USANAFTA,,,,,,,,,,,,,,,,,,,,,,,,,,,,,,,
"Crysteel Manufacturing, Inc. ",USANAFTA,,,336211,336212,333923,,,,,,,,,,,,,,,,,,,,,,,,,,
"Cubic Toll Systems, Inc.",USANAFTA,,,334210,334290,,,,,,,,,,,,,,,,,,,,,,,,,,,
Curtis Machine Co. Inc. ,USANAFTA,,,333612,,,,,,,,,,,,,,,,,,,,,,,,,,,,
Custom Papers Group,USANAFTA,,,322230,,,,,,,,,,,,,,,,,,,,,,,,,,,,
CWECO,USANAFTA,,,332999,,,,,,,,,,,,,,,,,,,,,,,,,,,,
Cybex Corporation,USANAFTA,,,339920,,,,,,,,,,,,,,,,,,,,,,,,,,,,
Cyclonaire Corp.,USANAFTA,,,333922,334513,,,,,,,,,,,,,,,,,,,,,,,,,,,
D-M-E Company,USANAFTA,,,333511,333515,33517,332216,333249,,,,,,,,,,,,,,,,,,,,,,,,
Dairy Equipment Company,USANAFTA,,,333241,333111,,,,,,,,,,,,,,,,,,,,,,,,,,,
Dakota Country Cheese,USANAFTA,,,311513,,,,,,,,,,,,,,,,,,,,,,,,,,,,
Da-Lite Screen Company,FTCOAL,,,333316,,,,,,,,,,,,,,,,,,,,,,,,,,,,
Dal-Tile Corporation,USANAFTA,,,327120,321918,,,,,,,,,,,,,,,,,,,,,,,,,,,
"Dan River, Inc.",USANAFTA,,,314120,,,,,,,,,,,,,,,,,,,,,,,,,,,,
Dana Corporation,USANAFTA,FTCOAL,,336350,333612,335314,335999,,,,,,,,,,,,,,,,,,,,,,,,,
Danasonic ,USANAFTA,,,,,,,,,,,,,,,,,,,,,,,,,,,,,,,
Dasco Pro Inc. ,USANAFTA,,,332216,,,,,,,,,,,,,,,,,,,,,,,,,,,,
Data General Corporation,USANAFTA,,,334111,334118,,,,,,,,,,,,,,,,,,,,,,,,,,,
"Daktronics, Inc. ",USANAFTA,,,339950,334419,337215,,,,,,,,,,,,,,,,,,,,,,,,,,
Daubert Industries,USANAFTA,,,325998,325520,325510,,,,,,,,,,,,,,,,,,,,,,,,,,
"David R. Webb Co., Inc. ",USANAFTA,,,321211,321212,,,,,,,,,,,,,,,,,,,,,,,,,,,
Davidson Manufacturing Corp,USANAFTA,,,332999,,,,,,,,,,,,,,,,,,,,,,,,,,,,
Davies Molding Co. ,USANAFTA,,,326199,332510,,,,,,,,,,,,,,,,,,,,,,,,,,,
"Davis Pipe and Metal Fabricators, Inc. ",USANAFTA,,,332996,,,,,,,,,,,,,,,,,,,,,,,,,,,,
DDC Pertec,FTCOAL,,,334112,,,,,,,,,,,,,,,,,,,,,,,,,,,,
Dean Foods Company,USANAFTA,CT14,,311511,312112,312111,311512,,,,,,,,,,,,,,,,,,,,,,,,,
Deere & Company,USANAFTA,FTCOAL,,333111,333120,333912,335999,335129,335221,335312,325998,332216,333613,333112,333618,333612,333996,336999,,,,,,,,,,,,,,
"Degroft Manufacturing, Inc. ",USANAFTA,,,332721,,,,,,,,,,,,,,,,,,,,,,,,,,,,
Dekalb Genetics Corporation,USANAFTA,,,111150,111120,115114,,,,,,,,,,,,,,,,,,,,,,,,,,
"Del Liftgates, Inc. ",USANAFTA,,,333924,336212,336211,,,,,,,,,,,,,,,,,,,,,,,,,,
Delagar Div Belcam Inc. ,USANAFTA,,,325611,325620,332215,,,,,,,,,,,,,,,,,,,,,,,,,,
Deline Box Co. ,USANAFTA,,,322211,322219,322212,,,,,,,,,,,,,,,,,,,,,,,,,,
"Delta Industries, Inc. ",USANAFTA,,,333415,,,,,,,,,,,,,,,,,,,,,,,,,,,,
Deriddler Inc,USANAFTA,,,,,,,,,,,,,,,,,,,,,,,,,,,,,,,
Detroit Diesel Corporation,USANAFTA,,,333618,336350,,,,,,,,,,,,,,,,,,,,,,,,,,,
"DG Industries, Inc. ",USANAFTA,,,,,,,,,,,,,,,,,,,,,,,,,,,,,,,
Diagraph Corp.,USANAFTA,,,333244,333993,339940,334418,,,,,,,,,,,,,,,,,,,,,,,,,
Dial Corporation,USANAFTA,,,325620,325611,,,,,,,,,,,,,,,,,,,,,,,,,,,
"Diamond V Mills, Inc. ",USANAFTA,,,311119,,,,,,,,,,,,,,,,,,,,,,,,,,,,
"Dicker International, Inc.",USANAFTA,,,333930,,,,,,,,,,,,,,,,,,,,,,,,,,,,
"Diebold, Inc. ",USANAFTA,,,334118,332999,,,,,,,,,,,,,,,,,,,,,,,,,,,
Diehl Inc. ,USANAFTA,,,311514,311930,311423,,,,,,,,,,,,,,,,,,,,,,,,,,
Dietzgen Corp.,USANAFTA,,,322121,322122,,,,,,,,,,,,,,,,,,,,,,,,,,,
"Digene Diagnostics, Inc. ",USANAFTA,,,325412,325413,,,,,,,,,,,,,,,,,,,,,,,,,,,
Digital Equipment Corp.,USANAFTA,FTCOAL,,334111,,,,,,,,,,,,,,,,,,,,,,,,,,,,
Displayonix Corp. ,USANAFTA,,,322211,,,,,,,,,,,,,,,,,,,,,,,,,,,,
"Divine Engineering, Inc. ",USANAFTA,,,333922,,,,,,,,,,,,,,,,,,,,,,,,,,,,
"Dixie Printing Pkg., Corporation",USANAFTA,,,322212,322220,,,,,,,,,,,,,,,,,,,,,,,,,,,
"Dixie Yarns, Inc. ",USANAFTA,,,313110,314110,,,,,,,,,,,,,,,,,,,,,,,,,,,
DME Company,USANAFTA,,,333511,333515,33517,332216,333249,,,,,,,,,,,,,,,,,,,,,,,,
"Dodge-Regupol, Inc. ",USANAFTA,CT5,,326299,,,,,,,,,,,,,,,,,,,,,,,,,,,,
Doerr Metal Products,USANAFTA,,,331110,,,,,,,,,,,,,,,,,,,,,,,,,,,,
Dominion Yarn Corporation,USANAFTA,,,313110,,,,,,,,,,,,,,,,,,,,,,,,,,,,
Donaldson Co. ,USANAFTA,,,333318,333413,333911,,,,,,,,,,,,,,,,,,,,,,,,,,
Doran Textile Inc. ,USANAFTA,,,313210,,,,,,,,,,,,,,,,,,,,,,,,,,,,
Dormont Manufacturing Co. ,USANAFTA,,,332919,332912,,,,,,,,,,,,,,,,,,,,,,,,,,,
"Doron Precision Systems, Inc.",USANAFTA,,,333318,,,,,,,,,,,,,,,,,,,,,,,,,,,,
"Dorsey Gage Co., Inc.",USANAFTA,,,334513,333314,,,,,,,,,,,,,,,,,,,,,,,,,,,
"Dovatron International, Inc. ",USANAFTA,,,334210,334417,334418,,,,,,,,,,,,,,,,,,,,,,,,,,
Dow Chemical Company,USANAFTA,FTCOAL,,325520,325510,325130,325180,325199,324191,325211,325212,325613,325220,,,,,,,,,,,,,,,,,,,
DPL Inc.,,,,,,,,,,,,,,,,,,,,,,,,,,,,,,,,
"Dresser Industries, Inc. ",USANAFTA,FTCOAL,,333912,333913,,,,,,,,,,,,,,,,,,,,,,,,,,,
Dresser-Rand,FTCOAL,,,333912,333611,334513,,,,,,,,,,,,,,,,,,,,,,,,,,
Drexel Chemical Company,AGNAF,,,325613,325320,325180,,,,,,,,,,,,,,,,,,,,,,,,,,
"Dallas Group of America, Inc. ",USANAFTA,,,325180,,,,,,,,,,,,,,,,,,,,,,,,,,,,
Douthitt Steel and Supply,FTCOAL,,,,,,,,,,,,,,,,,,,,,,,,,,,,,,,
"Duff Norton Co., Inc. ",USANAFTA,,,333613,332919,332216,332722,333923,,,,,,,,,,,,,,,,,,,,,,,,
Dukane Corporation,USANAFTA,,,333316,335999,334310,333249,333992,,,,,,,,,,,,,,,,,,,,,,,,
"Dundee Mills, Inc. ",USANAFTA,,,313210,,,,,,,,,,,,,,,,,,,,,,,,,,,,
Dupont/Conoco,USANAFTA,AGNAF,FTCOAL,211111,324110,324191,324199,325110,211112,,,,,,,,,,,,,,,,,,,,,,,
"Dura Mechanical Components, Inc. ",USANAFTA,,,336390,336340,336320,336360,,,,,,,,,,,,,,,,,,,,,,,,,
"Dyersburg Fabrics, Inc. ",USANAFTA,,,313210,313240,,,,,,,,,,,,,,,,,,,,,,,,,,,
"E.L. Nickell Co., Inc. ",USANAFTA,,,332313,,,,,,,,,,,,,,,,,,,,,,,,,,,,
Eagle Creek,USANAFTA,,,316998,,,,,,,,,,,,,,,,,,,,,,,,,,,,
"Eagle Crusher Company, Inc. ",USANAFTA,,,333131,333120,,,,,,,,,,,,,,,,,,,,,,,,,,,
Eastman Chemical Company,USANAFTA,,,325220,325194,325520,325211,325180,325212,325199,,,,,,,,,,,,,,,,,,,,,,
Eastman Kodak Co. ,USANAFTA,CT7,CT18/FTCOAL,334118,322320,32212,325992,,,,,,,,,,,,,,,,,,,,,,,,,
Eaton Corporation,USANAFTA,FTCOAL,,336413,332996,332911,332912,334513,335313,335314,335931,335932,335999,333413,333999,333318,332913,333911,336350,,,,,,,,,,,,,
EBCO Manufacturing Company,USANAFTA,,,333415,,,,,,,,,,,,,,,,,,,,,,,,,,,,
Echlin Inc. ,USANAFTA,,,336340,336310,336320,,,,,,,,,,,,,,,,,,,,,,,,,,
"Eclipse, Inc. ",USANAFTA,,,333414,332410,332911,334513,,,,,,,,,,,,,,,,,,,,,,,,,
"Edison Price Lighting, Inc. ",USANAFTA,,,335121,335110,335122,,,,,,,,,,,,,,,,,,,,,,,,,,
EDS,USANAFTA,,,334111,334112,334118,,,,,,,,,,,,,,,,,,,,,,,,,,
EFCO Corporation,USANAFTA,,,332321,332311,,,,,,,,,,,,,,,,,,,,,,,,,,,
Elanco Animal Health,AGNAF,,,325411,325412,325413,325414,,,,,,,,,,,,,,,,,,,,,,,,,
Elco International,AGNAF,,,332912,,,,,,,,,,,,,,,,,,,,,,,,,,,,
Ele International,USANAFTA,,,334519,334512,,,,,,,,,,,,,,,,,,,,,,,,,,,
Electronic Data Systems,FTCOAL,,,334111,334112,334118,,,,,,,,,,,,,,,,,,,,,,,,,,
"Electronic FAB Technology, Corp. ",USANAFTA,,,334412,335929,,,,,,,,,,,,,,,,,,,,,,,,,,,
Electronic Interconnect Systems,FTCOAL,,,,,,,,,,,,,,,,,,,,,,,,,,,,,,,
Eli Lilly & Co. ,USANAFTA,FTCOAL,,325411,325412,325413,325414,,,,,,,,,,,,,,,,,,,,,,,,,
"Ellay, Inc. ",USANAFTA,,,326150,,,,,,,,,,,,,,,,,,,,,,,,,,,,
Emerson Electric Company,USANAFTA,FTCOAL,,335314,334519,335314,334513,334514,33291,334514,33512,335311,333992,333249,333613,335312,335313,333318,333413,333414,335210,,,,,,,,,,,
"Encon Safety Products, Inc. ",USANAFTA,,,339115,326191,,,,,,,,,,,,,,,,,,,,,,,,,,,
Encore Wire Corporation,USANAFTA,,,331420,331318,331491,335929,,,,,,,,,,,,,,,,,,,,,,,,,
"Endot Industries, Inc. ",USANAFTA,,,326122,,,,,,,,,,,,,,,,,,,,,,,,,,,,
Environmental Dynamics Inc. ,USANAFTA,,,333318,,,,,,,,,,,,,,,,,,,,,,,,,,,,
Enzymatic Therapy,USANAFTA,,,325412,,,,,,,,,,,,,,,,,,,,,,,,,,,,
Esco Electronics ,USANAFTA,,,334515,334290,334118,333318,,,,,,,,,,,,,,,,,,,,,,,,,
Ethyl Corporation,USANAFTA,,,325199,,,,,,,,,,,,,,,,,,,,,,,,,,,,
Eubanks Engineering Co. ,USANAFTA,,,333519,,,,,,,,,,,,,,,,,,,,,,,,,,,,
"Eveready Battery Company, Inc. ",USANAFTA,,,335911,,,,,,,,,,,,,,,,,,,,,,,,,,,,
"EWC, Inc. ",USANAFTA,,,334512,,,,,,,,,,,,,,,,,,,,,,,,,,,,
Exide Electronics ,USANAFTA,,,335312,335911,,,,,,,,,,,,,,,,,,,,,,,,,,,
Exxene Corp. ,USANAFTA,,,325510,,,,,,,,,,,,,,,,,,,,,,,,,,,,
Exxon Corporation,USANAFTA,FTCOAL,,211111,211112,324110,325110,,,,,,,,,,,,,,,,,,,,,,,,,
Fabri-Quipt Systems Co.,USANAFTA,,,333517,,,,,,,,,,,,,,,,,,,,,,,,,,,,
Factory Air Conditioning Corp,USANAFTA,,,333415,,,,,,,,,,,,,,,,,,,,,,,,,,,,
Fairfield Chair Co.,USANAFTA,,,337121,337122,337211,,,,,,,,,,,,,,,,,,,,,,,,,,
"Fairmount Minerals, LTD.",USANAFTA,,,212322,,,,,,,,,,,,,,,,,,,,,,,,,,,,
"Falcon Products, inc.",USANAFTA,,,337214,337127,337124,337122,,,,,,,,,,,,,,,,,,,,,,,,,
Falcon Rice Mill,AGNAF,,,311212,,,,,,,,,,,,,,,,,,,,,,,,,,,,
Falk Corporation,USANAFTA,,,333612,333613,,,,,,,,,,,,,,,,,,,,,,,,,,,
Faribault Woolen Mill Companies,USANAFTA,,,313110,,,,,,,,,,,,,,,,,,,,,,,,,,,,
Farmers' Rice Cooperative,AGNAF,,,311212,111160,,,,,,,,,,,,,,,,,,,,,,,,,,,
Farmers Rice Milling Cooperative,AGNAF,,,311212,,,,,,,,,,,,,,,,,,,,,,,,,,,,
"Farmland Industries, inc.",USANAFTA,,,324110,325311,311611,325312,,,,,,,,,,,,,,,,,,,,,,,,,
"Federal Paper Board Company, inc.",USANAFTA,,,322130,322110,322212,,,,,,,,,,,,,,,,,,,,,,,,,,
"Federal-Mogul Products, inc.",USANAFTA,,,336340,336390,336322,,,,,,,,,,,,,,,,,,,,,,,,,,
"Fieldcrest Cannon, inc.",USANAFTA,,,313210,314120,313310,,,,,,,,,,,,,,,,,,,,,,,,,,
Filters Unlimited inc.,USANAFTA,,,314999,333413,,,,,,,,,,,,,,,,,,,,,,,,,,,
"Findley Adhesives, inc.",USANAFTA,,,325520,,,,,,,,,,,,,,,,,,,,,,,,,,,,
Flexible Steel Lacing Co.,USANAFTA,,,333922,326220,339993,333923,,,,,,,,,,,,,,,,,,,,,,,,,
Flow Design Inc.,USANAFTA,,,332911,,,,,,,,,,,,,,,,,,,,,,,,,,,,
"Fluid Air Components, inc.",USANAFTA,,,333996,,,,,,,,,,,,,,,,,,,,,,,,,,,,
Fluor Corporation,USANAFTA,,,212111,212112,212113,324110,324199,325110,325193,325193,325199,325211,,,,,,,,,,,,,,,,,,,
FMC Corporation,USANAFTA,AGNAF,FTCOAL,311942,325130,311942,325211,325199,325411,,,,,,,,,,,,,,,,,,,,,,,
Ford Motor Company,USANAFTA,FTCOAL,,336111,336112,336310,336320,336330,336340,336350,336360,,,,,,,,,,,,,,,,,,,,,
"Formers of Houston, inc.",USANAFTA,,,333993,,,,,,,,,,,,,,,,,,,,,,,,,,,,
Fortec inc.,USANAFTA,,,336360,336390,,,,,,,,,,,,,,,,,,,,,,,,,,,
Foster Grant Corporation,FTCOAL,,,339115,,,,,,,,,,,,,,,,,,,,,,,,,,,,
Fox Valley Tool & Die inc.,USANAFTA,,,332710,333514,333515,333517,,,,,,,,,,,,,,,,,,,,,,,,,
Frank B. Powell Lumber Company,USANAFTA,,,321999,,,,,,,,,,,,,,,,,,,,,,,,,,,,
Frank Murphy mfr.,USANAFTA,,,334513,334514,,,,,,,,,,,,,,,,,,,,,,,,,,,
Franklin Oil Corp.,USANAFTA,,,,,,,,,,,,,,,,,,,,,,,,,,,,,,,
Freeman Corp.,USANAFTA,,,321211,321920,,,,,,,,,,,,,,,,,,,,,,,,,,,
Freixenet + USA,USANAFTA,,,312130,,,,,,,,,,,,,,,,,,,,,,,,,,,,
Fremont Company,USANAFTA,,,311421,311941,,,,,,,,,,,,,,,,,,,,,,,,,,,
French Oil Mill Machinery Co.,USANAFTA,,,332710,333513,333298,333515,333518,,,,,,,,,,,,,,,,,,,,,,,,
FRH & Associates,USANAFTA,,,,,,,,,,,,,,,,,,,,,,,,,,,,,,,
Friday Canning Corporation (now Lakeside Foods),USANAFTA,,,311421,311422,,,,,,,,,,,,,,,,,,,,,,,,,,,
Fristam Pumps,USANAFTA,,,331221,333911,,,,,,,,,,,,,,,,,,,,,,,,,,,
Frit inc.,USANAFTA,,,325314,325311,,,,,,,,,,,,,,,,,,,,,,,,,,,
Froedtert Malt Company,AGNAF,,,311213,,,,,,,,,,,,,,,,,,,,,,,,,,,,
Fruehauf Trailer Corporation,USANAFTA,,,333924,336212,,,,,,,,,,,,,,,,,,,,,,,,,,,
Fruit of the Loom,FTCOAL,,,315190,,,,,,,,,,,,,,,,,,,,,,,,,,,,
Frymaster Corporation,USANAFTA,,,333241,333318,,,,,,,,,,,,,,,,,,,,,,,,,,,
G & G Mfgr. Co.,USANAFTA,,,336350,332212,333613,,,,,,,,,,,,,,,,,,,,,,,,,,
G. D. Searle & Co.,USANAFTA,,,325411,334510,325412,334517,,,,,,,,,,,,,,,,,,,,,,,,,
G.E.M. International,USANAFTA,,,327991,,,,,,,,,,,,,,,,,,,,,,,,,,,,
G.H.S. Corporation,USANAFTA,,,339992,,,,,,,,,,,,,,,,,,,,,,,,,,,,
Galey & Lord Industries,USANAFTA,,,313210,313311,,,,,,,,,,,,,,,,,,,,,,,,,,,
Gamma Services corp.,USANAFTA,,,334511,,,,,,,,,,,,,,,,,,,,,,,,,,,,
Gammex Rmi,USANAFTA,,,339112,334510,,,,,,,,,,,,,,,,,,,,,,,,,,,
Gamse Lithographing Co.,USANAFTA,,,323111,323114,,,,,,,,,,,,,,,,,,,,,,,,,,,
Ganlan Floor Co.,USANAFTA,,,,,,,,,,,,,,,,,,,,,,,,,,,,,,,
Garnett & Co.,USANAFTA,,,321920,321999,,,,,,,,,,,,,,,,,,,,,,,,,,,
Gast Mrfg. Corp.,USANAFTA,,,333912,335312,332420,,,,,,,,,,,,,,,,,,,,,,,,,,
Gastineau Log Homes,USANAFTA,,,321992,,,,,,,,,,,,,,,,,,,,,,,,,,,,
Gaum inc.,USANAFTA,,,332710,333517,,,,,,,,,,,,,,,,,,,,,,,,,,,
Gaylord Container Corporation,FTCOAL,,,322211,,,,,,,,,,,,,,,,,,,,,,,,,,,,
"Gaymar Industries, inc.",USANAFTA,,,339112,,,,,,,,,,,,,,,,,,,,,,,,,,,,
GenCorp,USANAFTA,FTCOAL,,336414,339920,336390,314110,332993,,,,,,,,,,,,,,,,,,,,,,,,
General Electric Co.,USANAFTA,FTCOAL,,335221,334513,334111,335121,335122,334419,334416,334516,334519,335228,335999,336412,336413,334511,333611,332111,335312,333995,334417,333132,335311,332911,333913,332913,332420,333613,335932,334413,331511
"General Filters, inc.",USANAFTA,,,333413,336399,314999,,,,,,,,,,,,,,,,,,,,,,,,,,
General Instrument Corporation,FTCOAL,,,334413,334220,,,,,,,,,,,,,,,,,,,,,,,,,,,
"General Mills, inc.",USANAFTA,FTCOAL,,311230,311211,311340,311411,311412,311421,311422,311423,311511,311520,311812,311822,311919,311999,,,,,,,,,,,,,,,
General Motors Corp.,USANAFTA,FTCOAL,,336111,336112,336211,336510,,,,,,,,,,,,,,,,,,,,,,,,,
Geokon inc.,USANAFTA,,,334519,334220,,,,,,,,,,,,,,,,,,,,,,,,,,,
George H. Porter Steel Treating co.,USANAFTA,,,332811,,,,,,,,,,,,,,,,,,,,,,,,,,,,
George Koch Sons inc.,USANAFTA,,,331523,333994,331521,332999,,,,,,,,,,,,,,,,,,,,,,,,,
Georgia Gulf Corp.,USANAFTA,,,325180,325110,325194,325211,325311,,,,,,,,,,,,,,,,,,,,,,,,
Georgia-Pacific Corp.,USANAFTA,FTCOAL,,322121,332999,325611,313230,322219,326140,321211,321212,321113,327420,322110,325520,325510,325311,325312,325910,322221,322212,322220,,,,,,,,,,
"Gerald Fried Display Co., inc.ï¾ ",USANAFTA,,,323120,323121,,,,,,,,,,,,,,,,,,,,,,,,,,,
Gesmar Corp.,USANAFTA,,,326191,322130,,,,,,,,,,,,,,,,,,,,,,,,,,,
Ghent mfg. inc.,USANAFTA,,,327991,327127,337215,,,,,,,,,,,,,,,,,,,,,,,,,,
Gibson Guitar Corp.,USANAFTA,,,339992,,,,,,,,,,,,,,,,,,,,,,,,,,,,
"Giddings & Lewis, inc.",USANAFTA,,,333517,333512,333515,314999,,,,,,,,,,,,,,,,,,,,,,,,,
Gillette Company,USANAFTA,FTCOAL,,335911,332215,325620,339941,339942,325998,332211,325611,,,,,,,,,,,,,,,,,,,,,
Gilpin's Machine Works,FTCOAL,,,332710,,,,,,,,,,,,,,,,,,,,,,,,,,,,
"GIW Industries, inc.",USANAFTA,,,333911,,,,,,,,,,,,,,,,,,,,,,,,,,,,
Glassmaster Co.,USANAFTA,,,325211,326121,332618,335313,334519,,,,,,,,,,,,,,,,,,,,,,,,
Gleason Co.,USANAFTA,,,333512,336350,,,,,,,,,,,,,,,,,,,,,,,,,,,
"Glenro, inc.",USANAFTA,,,333249,333994,,,,,,,,,,,,,,,,,,,,,,,,,,,
"Global Access, inc. ",USANAFTA,,,,,,,,,,,,,,,,,,,,,,,,,,,,,,,
"Global Mfrg., inc.",USANAFTA,,,333120,,,,,,,,,,,,,,,,,,,,,,,,,,,,
"Globe Mfrg, co.",USANAFTA,,,315220,,,,,,,,,,,,,,,,,,,,,,,,,,,,
"Glocon, inc.",USANAFTA,,,333413,326199,331511,331512,331513,331523,,,,,,,,,,,,,,,,,,,,,,,
Goad Company ,USANAFTA,,,332420,,,,,,,,,,,,,,,,,,,,,,,,,,,,
Goettsch Co.,USANAFTA,,,,,,,,,,,,,,,,,,,,,,,,,,,,,,,
Gold'n Plump Poultry,USANAFTA,,,311615,311999,,,,,,,,,,,,,,,,,,,,,,,,,,,
Goldcrown Machinery ,USANAFTA,,,333991,333517,,,,,,,,,,,,,,,,,,,,,,,,,,,
Gonzalez Internatonal Services,USANAFTA,,,,,,,,,,,,,,,,,,,,,,,,,,,,,,,
Goodman Equipment Corp.,USANAFTA,,,333131,333922,333921,333249,,,,,,,,,,,,,,,,,,,,,,,,,
Goodsmith & Co.,USANAFTA,,,,,,,,,,,,,,,,,,,,,,,,,,,,,,,
Goodyear Tire & Rubber Co.,USANAFTA,FTCOAL,,326211,325212,326212,326220,326299,,,,,,,,,,,,,,,,,,,,,,,,
Gowan Company,FTCOAL,,,325320,,,,,,,,,,,,,,,,,,,,,,,,,,,,
Gowanda Electronics Corp.,USANAFTA,,,334416,334417,,,,,,,,,,,,,,,,,,,,,,,,,,,
Gowin H. Benz Co. Inc.,USANAFTA,,,334515,334519,,,,,,,,,,,,,,,,,,,,,,,,,,,
Graham Manufacturing,USANAFTA,,,333911,332313,332410,332999,333415,333912,333319,333414,333999,,,,,,,,,,,,,,,,,,,,
Graphic Controls Corp.,USANAFTA,,,339112,323119,323116,339999,339943,322222,,,,,,,,,,,,,,,,,,,,,,,
Gray Stone of Kentucky ,USANAFTA,,,,,,,,,,,,,,,,,,,,,,,,,,,,,,,
Great Western Malting Company,AGNAF,,,312213,,,,,,,,,,,,,,,,,,,,,,,,,,,,
Greyhound-Dial Corporation,FTCOAL,,,325611,,,,,,,,,,,,,,,,,,,,,,,,,,,,
Greene International West,USANAFTA,,,,,,,,,,,,,,,,,,,,,,,,,,,,,,,
"Griffin Environmental Co., inc.",USANAFTA,,,333413,,,,,,,,,,,,,,,,,,,,,,,,,,,,
Griffith Micro Science ,USANAFTA,,,339113,,,,,,,,,,,,,,,,,,,,,,,,,,,,
"Grote Industries, inc.",USANAFTA,,,336321,336322,336211,327215,,,,,,,,,,,,,,,,,,,,,,,,,
Groth Corp.,USANAFTA,,,332919,332911,,,,,,,,,,,,,,,,,,,,,,,,,,,
GTI Graphic Technology inc.!!!....ISTOPPEDHERE,USANAFTA,,,335129,333315,,,,,,,,,,,,,,,,,,,,,,,,,,,
"Gudebrod, inc.",USANAFTA,,,325220,339112,325222,,,,,,,,,,,,,,,,,,,,,,,,,,
"Gulf Copper Group, inc.",USANAFTA,,,336611,332710,339999,,,,,,,,,,,,,,,,,,,,,,,,,,
"Gulf Lumber Co., inc.",USANAFTA,,,321113,,,,,,,,,,,,,,,,,,,,,,,,,,,,
Gulf Pacific Rice,AGNAF,,,311212,,,,,,,,,,,,,,,,,,,,,,,,,,,,
Gunthar Salt Co.,USANAFTA,,,212391,,,,,,,,,,,,,,,,,,,,,,,,,,,,
Guthrie Corporation,AGNAF,,,,,,,,,,,,,,,,,,,,,,,,,,,,,,,
Hagie Mfrg. Co.,USANAFTA,,,333111,,,,,,,,,,,,,,,,,,,,,,,,,,,,
Halder Corporation ,USANAFTA,,,332722,332216,339993,,,,,,,,,,,,,,,,,,,,,,,,,,
Halliburton,FTCOAL,,,333132,,,,,,,,,,,,,,,,,,,,,,,,,,,,
"Hallmark Cards, inc.",USANAFTA,,,323111,322233,322299,323118,339942,323110,,,,,,,,,,,,,,,,,,,,,,,
Hammary Furniture Company,USANAFTA,,,337127,337122,337121,337211,,,,,,,,,,,,,,,,,,,,,,,,,
Hammons Products Company,USANAFTA,,,311911,311919,111339,,,,,,,,,,,,,,,,,,,,,,,,,,
"Hanafee Bros. Sawmill Co., inc.",USANAFTA,,,321113,,,,,,,,,,,,,,,,,,,,,,,,,,,,
Hancock Lumber,USANAFTA,,,321912,,,,,,,,,,,,,,,,,,,,,,,,,,,,
Handling Systems Incorporated,FTCOAL,,,333922,333923,,,,,,,,,,,,,,,,,,,,,,,,,,,
"Hangsterfer's Laboratories, inc.",USANAFTA,,,324191,,,,,,,,,,,,,,,,,,,,,,,,,,,,
M.A. Hanna Company,FTCOAL,,,212210,212299,,,,,,,,,,,,,,,,,,,,,,,,,,,
Hannibal Industries,CT5,,,331210,332313,337215,332618,,,,,,,,,,,,,,,,,,,,,,,,,
Harbison-Walker Refractories ,USANAFTA,,,327120,327124,327121,,,,,,,,,,,,,,,,,,,,,,,,,,
Harnischfeger Corp.,USANAFTA,,,333131,335999,333292,,,,,,,,,,,,,,,,,,,,,,,,,,
Harriet & Henderon Yarns,USANAFTA,,,313110,,,,,,,,,,,,,,,,,,,,,,,,,,,,
Harris Corporation,USANAFTA,FTCOAL,,334511,334220,334511,334290,,,,,,,,,,,,,,,,,,,,,,,,,
Harris RF Communications Division,USANAFTA,,,334220,,,,,,,,,,,,,,,,,,,,,,,,,,,,
Hasbro inc.,USANAFTA,,,339930,339931,339932,,,,,,,,,,,,,,,,,,,,,,,,,,
"Haskell of Pittsburgh, inc.",USANAFTA,,,337214,337215,,,,,,,,,,,,,,,,,,,,,,,,,,,
"Hawkeye Steel Products, inc.",USANAFTA,,,333111,332311,,,,,,,,,,,,,,,,,,,,,,,,,,,
"Haworth, inc.",USANAFTA,,,337214,337211,337127,,,,,,,,,,,,,,,,,,,,,,,,,,
Hazen Paper co.,USANAFTA,,,322130,322221,322222,322225,322299,322110,,,,,,,,,,,,,,,,,,,,,,,
Heatbath Corp.,USANAFTA,,,324191,325199,,,,,,,,,,,,,,,,,,,,,,,,,,,
Hellebusch Tool & Die inc.,USANAFTA,,,333514,333500,,,,,,,,,,,,,,,,,,,,,,,,,,,
"Hellwig Products Co., inc.",USANAFTA,,,332613,332612,,,,,,,,,,,,,,,,,,,,,,,,,,,
Henry Vogt Machine Co.,USANAFTA,,,332710,332313,333415,332911,,,,,,,,,,,,,,,,,,,,,,,,,
Herbert Malarkey Roofing Co.,USANAFTA,,,324122,,,,,,,,,,,,,,,,,,,,,,,,,,,,
Hercules inc.,USANAFTA,FTCOAL,,325520,325510,325998,325211,,,,,,,,,,,,,,,,,,,,,,,,,
Herr-Voss Corp.,USANAFTA,,,333319,333513,336399,,,,,,,,,,,,,,,,,,,,,,,,,,
Hershey Foods Corporation ,USANAFTA,FTCOAL,,311330,311340,311320,311351,,,,,,,,,,,,,,,,,,,,,,,,,
"Heublein, inc.",USANAFTA,,,312140,,,,,,,,,,,,,,,,,,,,,,,,,,,,
Hewlett-Packard Co.,USANAFTA,FTCOAL,,334111,334112,334119,333313,334413,334613,334519,334510,,,,,,,,,,,,,,,,,,,,,
Hexon,USANAFTA,,,326121,,,,,,,,,,,,,,,,,,,,,,,,,,,,
Heyco-Oswalt ,USANAFTA,,,333111,,,,,,,,,,,,,,,,,,,,,,,,,,,,
HHS Enterprises E.T.C. ,USANAFTA,,,,,,,,,,,,,,,,,,,,,,,,,,,,,,,
Hi-Roller Company,USANAFTA,,,333922,,,,,,,,,,,,,,,,,,,,,,,,,,,,
"Higbee Gaskets and Sealing Products, inc.",USANAFTA,,,339991,326199,,,,,,,,,,,,,,,,,,,,,,,,,,,
"Highland Manufacturing, inc.",USANAFTA,,,359903,,,,,,,,,,,,,,,,,,,,,,,,,,,,
Highway Ceramics,FTCOAL,,,,,,,,,,,,,,,,,,,,,,,,,,,,,,,
"Hired Hand, inc.",USANAFTA,,,333111,333415,333414,339999,311119,333412,,,,,,,,,,,,,,,,,,,,,,,
Hiwasse Mfrg. Co.,USANAFTA,,,332119,332116,323110,,,,,,,,,,,,,,,,,,,,,,,,,,
HMC Technologies ,USANAFTA,,,333512,333298,333500,,,,,,,,,,,,,,,,,,,,,,,,,,
Hobart Brothers Co.,USANAFTA,,,333992,332710,,,,,,,,,,,,,,,,,,,,,,,,,,,
"Hodgdon Powder Co., inc.",USANAFTA,,,333993,,,,,,,,,,,,,,,,,,,,,,,,,,,,
Hoechst Celanese Corp.,USANAFTA,,,325220,325411,,,,,,,,,,,,,,,,,,,,,,,,,,,
"Hoerbiger Corp. of America, inc.",USANAFTA,,,332911,332919,332911,333912,336311,,,,,,,,,,,,,,,,,,,,,,,,
Hollingsworth & Vose Co.,USANAFTA,,,322121,313230,,,,,,,,,,,,,,,,,,,,,,,,,,,
Holly Tree Farm,AGNAF,,,111421,,,,,,,,,,,,,,,,,,,,,,,,,,,,
Hon Inustries,USANAFTA,,,337211,337214,,,,,,,,,,,,,,,,,,,,,,,,,,,
Honeywell inc.,USANAFTA,FTCOAL,,336412,334519,334511,334220,,,,,,,,,,,,,,,,,,,,,,,,,
Honx Mfrg. ,USANAFTA,,,,,,,,,,,,,,,,,,,,,,,,,,,,,,,
Hood Furniture Mafrg. Co.,USANAFTA,,,337122,332121,,,,,,,,,,,,,,,,,,,,,,,,,,,
Hooker Furniture Corp.,USANAFTA,,,337127,337122,337121,,,,,,,,,,,,,,,,,,,,,,,,,,
Hoosier Timber,USANAFTA,,,321114,,,,,,,,,,,,,,,,,,,,,,,,,,,,
HPM Corp.,USANAFTA,,,,,,,,,,,,,,,,,,,,,,,,,,,,,,,
"Hsu's Ginseng Enterprises, inc.",USANAFTA,,,111998,311999,,,,,,,,,,,,,,,,,,,,,,,,,,,
Hudson Extrusions inc.,USANAFTA,,,326199,326121,326122,,,,,,,,,,,,,,,,,,,,,,,,,,
Huffy Corporation,USANAFTA,,,339920,336991,336390,,,,,,,,,,,,,,,,,,,,,,,,,,
Humane Mfrg. Co.,USANAFTA,,,326299,313320,332812,325212,326211,,,,,,,,,,,,,,,,,,,,,,,,
Humphrey Products,USANAFTA,,,333120,332919,333995,353101,332912,334516,332912,335129,,,,,,,,,,,,,,,,,,,,,
Hussey Seating Co.,USANAFTA,,,337127,336360,339942,332999,,,,,,,,,,,,,,,,,,,,,,,,,
"Hutchens Industries, inc.",USANAFTA,,,339999,331513,336399,,,,,,,,,,,,,,,,,,,,,,,,,,
"Hutchins Lumber, inc.",USANAFTA,,,,,,,,,,,,,,,,,,,,,,,,,,,,,,,
Hydro Fitting Mfrg. Corp.,USANAFTA,,,332999,336311,332996,,,,,,,,,,,,,,,,,,,,,,,,,,
Hytronics West Corporation,FTCOAL,,,334416,,,,,,,,,,,,,,,,,,,,,,,,,,,,
Hyundai Furniture Industries ,USANAFTA,,,337121,377122,,,,,,,,,,,,,,,,,,,,,,,,,,,
IBM Corp.,USANAFTA,CT13,FTCOAL,334113,334111,334112,334119,333313,334210,334290,334613,333315,339944,334413,334419,,,,,,,,,,,,,,,,,
"IBP Equipment, inc.",USANAFTA,,,332996,,,,,,,,,,,,,,,,,,,,,,,,,,,,
Idea Courier ,USANAFTA,,,,,,,,,,,,,,,,,,,,,,,,,,,,,,,
Idex Corporation,USANAFTA,,,333911,339111,,,,,,,,,,,,,,,,,,,,,,,,,,,
"IDF FAB, inc.",USANAFTA,,,332710,,,,,,,,,,,,,,,,,,,,,,,,,,,,
Illinois Tool Works,USANAFTA,FTCOAL,,333999,325510,325520,325998,326112,326113,326199,333319,333512,333991,333992,333993,334519,339943,336399,332117,322222,326121,333294,339993,327122,,,,,,,,
"Imagineering Enterprises, inc.",USANAFTA,,,332813,332812,,,,,,,,,,,,,,,,,,,,,,,,,,,
"Industrial Polishing Services, inc.",USANAFTA,,,332813,332510,,,,,,,,,,,,,,,,,,,,,,,,,,,
"Industrial Technology, inc.",USANAFTA,,,332710,332313,,,,,,,,,,,,,,,,,,,,,,,,,,,
"Infotec Development, inc.",USANAFTA,,,,,,,,,,,,,,,,,,,,,,,,,,,,,,,
Ingersoll-Rand Co.,USANAFTA,FTCOAL,,333912,336399,333415,333991,333911,332991,333411,333412,333120,336391,,,,,,,,,,,,,,,,,,,
Ingsinger Machine Co.,USANAFTA,,,333318,333312,337127,333319,,,,,,,,,,,,,,,,,,,,,,,,,
Insulation Supply Co.,USANAFTA,,,326199,333999,333512,,,,,,,,,,,,,,,,,,,,,,,,,,
Intec,USANAFTA,,,335122,,,,,,,,,,,,,,,,,,,,,,,,,,,,
"International Knife & Saw, inc.",USANAFTA,,,332216,333517,333512,333515,333999,332710,332213,333991,,,,,,,,,,,,,,,,,,,,,
"Interbath, inc.",USANAFTA,,,339112,,,,,,,,,,,,,,,,,,,,,,,,,,,,
Intermetro Industries Corporation,USANAFTA,,,339112,332618,337212,,,,,,,,,,,,,,,,,,,,,,,,,,
International Cable and Connectors Corp.,USANAFTA,,,334290,332618,335921,335929,,,,,,,,,,,,,,,,,,,,,,,,,
International Dynamics of Texas,USANAFTA,,,,,,,,,,,,,,,,,,,,,,,,,,,,,,,
"International Images Makers, inc.",USANAFTA,,,,,,,,,,,,,,,,,,,,,,,,,,,,,,,
International Paper Company,USANAFTA,FTCOAL,,322121,113110,113210,321113,321210,322110,322121,322130,322212,322215,322233,,,,,,,,,,,,,,,,,,
International Rectifier,USANAFTA,FTCOAL,,335313,335311,335312,335314,,,,,,,,,,,,,,,,,,,,,,,,,
"International Veneer Co., inc.",USANAFTA,,,321211,,,,,,,,,,,,,,,,,,,,,,,,,,,,
Inverness Corporation,USANAFTA,,,339911,316110,,,,,,,,,,,,,,,,,,,,,,,,,,,
Iomega,USANAFTA,,,334112,,,,,,,,,,,,,,,,,,,,,,,,,,,,
"IPSCO Steel, inc.",CT5,,,331210,,,,,,,,,,,,,,,,,,,,,,,,,,,,
Irwin Mfrg. Corp.,USANAFTA,,,315231,315240,314120,,,,,,,,,,,,,,,,,,,,,,,,,,
Iten Industries,USANAFTA,,,326199,326130,326199,326121,,,,,,,,,,,,,,,,,,,,,,,,,
ITT Corporation ,USANAFTA,FTCOAL,,333999,332919,333911,333298,334417,,,,,,,,,,,,,,,,,,,,,,,,
ITW Fluid Products Group,USANAFTA,,,325510,,,,,,,,,,,,,,,,,,,,,,,,,,,,
J.K. Wilson Produce Company,FTCOAL,,,111219,,,,,,,,,,,,,,,,,,,,,,,,,,,,
"J. M. Lmbr., Co., inc.",USANAFTA,,,321113,321918,,,,,,,,,,,,,,,,,,,,,,,,,,,
J. R. Simplot Company,USANAFTA,,,325311,325312,325314,325320,115112,115114,111339,311423,311411,311991,311999,311421,311111,311119,325312,325320,325199,325180,,,,,,,,,,,
"J. V. Reed & Company, inc.",USANAFTA,,,332119,,,,,,,,,,,,,,,,,,,,,,,,,,,,
J. W. Jones Lumber Co.,USANAFTA,,,113310,321918,321113,,,,,,,,,,,,,,,,,,,,,,,,,,
Jacobs Vehicle Equipment Company,USANAFTA,,,336999,336340,,,,,,,,,,,,,,,,,,,,,,,,,,,
"Jamas, inc.",USANAFTA,,,,,,,,,,,,,,,,,,,,,,,,,,,,,,,
James Rivers Corporation,FTCOAL,,,322121,322219,,,,,,,,,,,,,,,,,,,,,,,,,,,
James L. Taylor Mfrg. Co.,USANAFTA,,,333318,333243,333999,333913,333298,333319,333210,,,,,,,,,,,,,,,,,,,,,,
"Jaquith Industries, inc.",USANAFTA,,,339999,332312,336413,332510,332322,332313,332999,335129,331111,332999,,,,,,,,,,,,,,,,,,,
Jefferson Smurfit,USANAFTA,,,322221,,,,,,,,,,,,,,,,,,,,,,,,,,,,
"Jesco Resources, inc.",USANAFTA,,,324191,,,,,,,,,,,,,,,,,,,,,,,,,,,,
"Jetair International, inc.",USANAFTA,,,213112,,,,,,,,,,,,,,,,,,,,,,,,,,,,
John C. Dolph Co.,USANAFTA,,,325211,325510,,,,,,,,,,,,,,,,,,,,,,,,,,,
Johnson & Johnson,USANAFTA,FTCOAL,,325611,325620,32541,339112,339113,,,,,,,,,,,,,,,,,,,,,,,,
Jackson Tube Service ,USANAFTA,,,331210,331111,,,,,,,,,,,,,,,,,,,,,,,,,,,
Johnsonville Sausage ,USANAFTA,,,311612,,,,,,,,,,,,,,,,,,,,,,,,,,,,
JSJ Corporation,USANAFTA,,,337127,336370,332116,333298,,,,,,,,,,,,,,,,,,,,,,,,,
"Justice Furniture Mfrg. Co., inc.",USANAFTA,,,337127,337121,,,,,,,,,,,,,,,,,,,,,,,,,,,
"JWP Mexico, inc.",USANAFTA,,,327110,336340,,,,,,,,,,,,,,,,,,,,,,,,,,,
K-Tron Corp,USANAFTA,,,333131,333120,,,,,,,,,,,,,,,,,,,,,,,,,,,
Kactus International Group,USANAFTA,,,,,,,,,,,,,,,,,,,,,,,,,,,,,,,
"Kaiser Tool Co., inc.",USANAFTA,,,333515,,,,,,,,,,,,,,,,,,,,,,,,,,,,
"Kalas Mfrg., inc.",USANAFTA,,,335911,331491,335798,331423,331422,332999,335931,,,,,,,,,,,,,,,,,,,,,,
"Kane Mfrg. Co., inc.",USANAFTA,,,326121,333111,,,,,,,,,,,,,,,,,,,,,,,,,,,
KBX,AGNAF,,,111130,,,,,,,,,,,,,,,,,,,,,,,,,,,,
Keller Technology Corp.,USANAFTA,,,333318,333298,333319,333922,,,,,,,,,,,,,,,,,,,,,,,,,
"Kelly Industries, inc.",USANAFTA,,,339999,332311,,,,,,,,,,,,,,,,,,,,,,,,,,,
"Keco Industries, inc.",USANAFTA,,,333413,333414,333415,,,,,,,,,,,,,,,,,,,,,,,,,,
Kellogg Company,FTCOAL,,,311230,311821,,,,,,,,,,,,,,,,,,,,,,,,,,,
Kent Mfrg. Co.,USANAFTA,,,315990,334513,,,,,,,,,,,,,,,,,,,,,,,,,,,
Kerotest Mfrg. Corp.,USANAFTA,,,332911,332919,311612,,,,,,,,,,,,,,,,,,,,,,,,,,
Kerr-McGee Corp.,USANAFTA,,,321114,325191,325131,213112,211111,,,,,,,,,,,,,,,,,,,,,,,,
Kerry Ingredients,USANAFTA,,,311211,111998,311513,311412,311352,311920,311999,,,,,,,,,,,,,,,,,,,,,,
Kincaid Furniture Co.,USANAFTA,,,337121,337122,337127,337125,321999,,,,,,,,,,,,,,,,,,,,,,,,
King Press Corp.,USANAFTA,,,333244,,,,,,,,,,,,,,,,,,,,,,,,,,,,
Kingsbury inc.,USANAFTA,,,332991,333613,,,,,,,,,,,,,,,,,,,,,,,,,,,
Kingston Metal Specialties,USANAFTA,,,332322,,,,,,,,,,,,,,,,,,,,,,,,,,,,
Kirk Enterprises,FTCOAL,,,333316,,,,,,,,,,,,,,,,,,,,,,,,,,,,
Kitchen Brothers Mfrg. Co.,USANAFTA,,,321113,,,,,,,,,,,,,,,,,,,,,,,,,,,,
"Kleenair Products Co., inc.",USANAFTA,,,334513,333994,,,,,,,,,,,,,,,,,,,,,,,,,,,
"KMG - Bernuth, inc.",USANAFTA,,,325998,325180,,,,,,,,,,,,,,,,,,,,,,,,,,,
"Knowlton Specialty Papers, inc.",USANAFTA,,,322121,325612,322299,,,,,,,,,,,,,,,,,,,,,,,,,,
"Koller Enterprises, inc.",USANAFTA,,,326199,313320,326199,326122,,,,,,,,,,,,,,,,,,,,,,,,,
Konica Imaging,FTCOAL,,,334510,,,,,,,,,,,,,,,,,,,,,,,,,,,,
Konrad Corporation,USANAFTA,,,333519,333516,332710,333613,333618,333612,333999,336611,332999,327910,,,,,,,,,,,,,,,,,,,
"Koos, inc.",USANAFTA,,,315220,315240,,,,,,,,,,,,,,,,,,,,,,,,,,,
Koss Corporation,USANAFTA,,,334310,334419,,,,,,,,,,,,,,,,,,,,,,,,,,,
L. A. Darling Company,USANAFTA,,,337215,337127,332710,,,,,,,,,,,,,,,,,,,,,,,,,,
"L.B.Q. Fruit & Produce Company, Inc.",FTCOAL,,,,,,,,,,,,,,,,,,,,,,,,,,,,,,,
La Poblanita Food Mfrs.,USANAFTA,,,311830,,,,,,,,,,,,,,,,,,,,,,,,,,,,
Labconco Corporation,USANAFTA,,,337127,334516,332999,339113,339111,,,,,,,,,,,,,,,,,,,,,,,,
"Laboratory Tops, inc.",USANAFTA,,,337127,325991,,,,,,,,,,,,,,,,,,,,,,,,,,,
Laclede Steel Co.,CT5 ,,,331110,,,,,,,,,,,,,,,,,,,,,,,,,,,,
"Lake Shore Industries, inc.",USANAFTA,,,339999,339950,,,,,,,,,,,,,,,,,,,,,,,,,,,
Lakeside Manufacturing Co.,USANAFTA,,,332710,333514,332997,332721,,,,,,,,,,,,,,,,,,,,,,,,,
Lambarri International Corp.,USANAFTA,,,,,,,,,,,,,,,,,,,,,,,,,,,,,,,
Langston Companies Inc.,AGNAF,,,314910,322220,326111,,,,,,,,,,,,,,,,,,,,,,,,,,
Lauhoff Grain Company,USANAFTA,AGNAF,,221112,,,,,,,,,,,,,,,,,,,,,,,,,,,,
Lear Seating Corporation,USANAFTA,,,336360,337127,336322,336321,335932,,,,,,,,,,,,,,,,,,,,,,,,
Lectec Corporation,USANAFTA,,,334510,,,,,,,,,,,,,,,,,,,,,,,,,,,,
Lectro Engineering Co.,USANAFTA,,,333249,335999,333220,,,,,,,,,,,,,,,,,,,,,,,,,,
Leeco Spring International,USANAFTA,,,332613,332813,332612,,,,,,,,,,,,,,,,,,,,,,,,,,
"Lem USA, inc.",USANAFTA,,,335999,,,,,,,,,,,,,,,,,,,,,,,,,,,,
Lendrich inc.,USANAFTA,,,,,,,,,,,,,,,,,,,,,,,,,,,,,,,
LGJG Corporation,USANAFTA,,,,,,,,,,,,,,,,,,,,,,,,,,,,,,,
Liberty Rice Mill,AGNAF,,,111160,,,,,,,,,,,,,,,,,,,,,,,,,,,,
"Lida, inc.",USANAFTA,,,,,,,,,,,,,,,,,,,,,,,,,,,,,,,
"Life Support Products, inc.",USANAFTA,,,339112,334510,,,,,,,,,,,,,,,,,,,,,,,,,,,
"Lindsay Forest Products, inc.",USANAFTA,,,333120,,,,,,,,,,,,,,,,,,,,,,,,,,,,
Lipoco ,FTCOAL,,,,,,,,,,,,,,,,,,,,,,,,,,,,,,,
"Litton Industries, inc.",USANAFTA,FTCOAL,,339999,336411,334220,336611,334413,331421,,,,,,,,,,,,,,,,,,,,,,,
Liz Claiborne,FTCOAL,,,325620,,,,,,,,,,,,,,,,,,,,,,,,,,,,
Lockheed Corp.,USANAFTA,,,336414,336411,334511,325193,221119,,,,,,,,,,,,,,,,,,,,,,,,
Loec Corporation,USANAFTA,,,,,,,,,,,,,,,,,,,,,,,,,,,,,,,
Logan Actuator Co.,USANAFTA,,,333131,333923,,,,,,,,,,,,,,,,,,,,,,,,,,,
"Logic Design Metals, inc.",USANAFTA,,,332322,,,,,,,,,,,,,,,,,,,,,,,,,,,,
"Logitech, inc.",USANAFTA,,,334118,334119,,,,,,,,,,,,,,,,,,,,,,,,,,,
Lone Star Container Corp.,USANAFTA,,,322219,322214,322211,332429,323119,339950,,,,,,,,,,,,,,,,,,,,,,,
Longview Fibre Company,USANAFTA,,,321113,322211,322121,322223,322224,,,,,,,,,,,,,,,,,,,,,,,,
Loopco Industries,USANAFTA,,,333517,333519,,,,,,,,,,,,,,,,,,,,,,,,,,,
Louisiana Pacific,USANAFTA,,,321918,321211,321219,321114,,,,,,,,,,,,,,,,,,,,,,,,,
"Lovejoy Industries, inc.",USANAFTA,,,334513,333613,333612,,,,,,,,,,,,,,,,,,,,,,,,,,
"Lowe Manufacturing Co., inc.",USANAFTA,,,333131,333120,339993,,,,,,,,,,,,,,,,,,,,,,,,,,
"Loxcreen Company, inc.",USANAFTA,,,331318,331316,,,,,,,,,,,,,,,,,,,,,,,,,,,
LTV Tubular Products Co.,CT5 ,,,331210,,,,,,,,,,,,,,,,,,,,,,,,,,,,
"Lukens, inc.",USANAFTA,,,331110,331111,331221,327215,332313,,,,,,,,,,,,,,,,,,,,,,,,
Lumberyard Supply Co.,USANAFTA,,,321918,,,,,,,,,,,,,,,,,,,,,,,,,,,,
Lyn-flex West inc.,USANAFTA,,,316998,316999,316998,337110,,,,,,,,,,,,,,,,,,,,,,,,,
M & M Tech Int. ,USANAFTA,,,,,,,,,,,,,,,,,,,,,,,,,,,,,,,
M-E-C Company,USANAFTA,,,333318,333994,333295,333292,333319,,,,,,,,,,,,,,,,,,,,,,,,
"Madison Concrete Pipe, inc.",USANAFTA,,,327332,,,,,,,,,,,,,,,,,,,,,,,,,,,,
Magma Engineering Co.,USANAFTA,,,333511,,,,,,,,,,,,,,,,,,,,,,,,,,,,
Magnet inc.,USANAFTA,,,339999,332999,339950,323110,,,,,,,,,,,,,,,,,,,,,,,,,
Magnetic Metals Corporation,FTCOAL,,,335931,,,,,,,,,,,,,,,,,,,,,,,,,,,,
Mandel Amerifresh,FTCOAL,,,111211,111219,115114,,,,,,,,,,,,,,,,,,,,,,,,,,
Maruichi American Corp.,CT5 ,,,331210,,,,,,,,,,,,,,,,,,,,,,,,,,,,
"Malachi Diversified, Ltd.",USANAFTA,,,,,,,,,,,,,,,,,,,,,,,,,,,,,,,
Malmark inc.,USANAFTA,,,339992,,,,,,,,,,,,,,,,,,,,,,,,,,,,
"Manitex, inc.",USANAFTA,,,333922,333923,,,,,,,,,,,,,,,,,,,,,,,,,,,
"Manitowoc Company, inc.",USANAFTA,,,333318,333120,333319,333415,333120,,,,,,,,,,,,,,,,,,,,,,,,
"Manth-Brownell, inc.",USANAFTA,,,332721,332710,333512,,,,,,,,,,,,,,,,,,,,,,,,,,
Mantua Manufacturing Co.,USANAFTA,,,337124,337910,,,,,,,,,,,,,,,,,,,,,,,,,,,
"Mar-mac Wire, inc.",USANAFTA,,,331491,331222,,,,,,,,,,,,,,,,,,,,,,,,,,,
"Marathon Roofing Products, inc.",USANAFTA,,,332119,332322,332323,332999,,,,,,,,,,,,,,,,,,,,,,,,,
"Marco Global, inc.",USANAFTA,,,333923,333111,,,,,,,,,,,,,,,,,,,,,,,,,,,
"Marion Merrell Dow, inc.",USANAFTA,,,325411,325412,,,,,,,,,,,,,,,,,,,,,,,,,,,
Marley Company ,USANAFTA,,,334512,333414,,,,,,,,,,,,,,,,,,,,,,,,,,,
"Mas International, inc.",USANAFTA,,,,,,,,,,,,,,,,,,,,,,,,,,,,,,,
Master Chemical Corp.,USANAFTA,,,327910,331513,324191,325998,324191,325199,,,,,,,,,,,,,,,,,,,,,,,
Master Craft,USANAFTA,,,336612,,,,,,,,,,,,,,,,,,,,,,,,,,,,
"Master Marine, inc. ",USANAFTA,,,336611,,,,,,,,,,,,,,,,,,,,,,,,,,,,
Master-bilt Corporation,USANAFTA,,,333415,,,,,,,,,,,,,,,,,,,,,,,,,,,,
Matheson International,USANAFTA,,,,,,,,,,,,,,,,,,,,,,,,,,,,,,,
Matson Wood Products,USANAFTA,,,321113,333298,,,,,,,,,,,,,,,,,,,,,,,,,,,
"Mattel, inc.",USANAFTA,FTCOAL,,339930,,,,,,,,,,,,,,,,,,,,,,,,,,,,
Maverick Arms,FTCOAL,,,332992,,,,,,,,,,,,,,,,,,,,,,,,,,,,
Maverick Tube Corp.,CT5 ,,,331210,,,,,,,,,,,,,,,,,,,,,,,,,,,,
"Maxon Electronics Corp. of America, inc.",USANAFTA,,,,,,,,,,,,,,,,,,,,,,,,,,,,,,,
Mayfair Mills Inc. ,USANAFTA,,,313210,313220,,,,,,,,,,,,,,,,,,,,,,,,,,,
"McAfee Tool and Die, inc.",USANAFTA,,,332710,333514,333515,333517,332111,332114,332117,332119,,,,,,,,,,,,,,,,,,,,,
MCC Powers Process Controlsï¾ ,USANAFTA,,,333249,,,,,,,,,,,,,,,,,,,,,,,,,,,,
"McCormick & Co., inc.",USANAFTA,,,311942,311412,311941,,,,,,,,,,,,,,,,,,,,,,,,,,
McCullough and Company,USANAFTA,,,339999,,,,,,,,,,,,,,,,,,,,,,,,,,,,
McDonnell Douglas,FTCOAL,,,336411,336412,,,,,,,,,,,,,,,,,,,,,,,,,,,
McElheney Cattle Co.,FTCOAL,,,112112,,,,,,,,,,,,,,,,,,,,,,,,,,,,
McJunkin Corp.,USANAFTA,,,115210,332999,,,,,,,,,,,,,,,,,,,,,,,,,,,
Mckenzie Manufacturing inc.,USANAFTA,,,333120,,,,,,,,,,,,,,,,,,,,,,,,,,,,
Mclanahan Corporation,USANAFTA,,,212399,333131,,,,,,,,,,,,,,,,,,,,,,,,,,,
Mclaughlin Gormley King Co.,USANAFTA,,,325320,,,,,,,,,,,,,,,,,,,,,,,,,,,,
Mead Corporation,USANAFTA,FTCOAL,,322121,322233,322211,322212,322213,,,,,,,,,,,,,,,,,,,,,,,,
"Meadow Mills, inc.",USANAFTA,,,333210,,,,,,,,,,,,,,,,,,,,,,,,,,,,
"Melin Tool Company, inc.",USANAFTA,,,332212,333512,333991,,,,,,,,,,,,,,,,,,,,,,,,,,
"Merck & Co., inc.",USANAFTA,FTCOAL,,325411,325412,325413,325414,,,,,,,,,,,,,,,,,,,,,,,,,
Merichem Company,USANAFTA,,,333249,,,,,,,,,,,,,,,,,,,,,,,,,,,,
Merz Machine & Tool Works,USANAFTA,,,332710,332721,333923,,,,,,,,,,,,,,,,,,,,,,,,,,
"MESA, inc.",CT26,,,,,,,,,,,,,,,,,,,,,,,,,,,,,,,
Metal Processors inc.,USANAFTA,,,333514,,,,,,,,,,,,,,,,,,,,,,,,,,,,
Metal-Fab inc.,USANAFTA,,,332999,332312,332996,332322,,,,,,,,,,,,,,,,,,,,,,,,,
"Meurer Research, inc.",USANAFTA,,,333319,333318,,,,,,,,,,,,,,,,,,,,,,,,,,,
Meyer Tomatoes,FTCOAL,,,115114,,,,,,,,,,,,,,,,,,,,,,,,,,,,
Michigan-California Lumber,USANAFTA,,,321113,,,,,,,,,,,,,,,,,,,,,,,,,,,,
Micro Mfg. inc.,USANAFTA,,,,,,,,,,,,,,,,,,,,,,,,,,,,,,,
Mico,USANAFTA,,,332912,336340,,,,,,,,,,,,,,,,,,,,,,,,,,,
Micrometrics Instrument Corp.,USANAFTA,,,334516,334514,,,,,,,,,,,,,,,,,,,,,,,,,,,
Mid-American Dairymen,AGNAF,,,112120,,,,,,,,,,,,,,,,,,,,,,,,,,,,
Midwest Control Products Corp.,USANAFTA,,,332111,332618,,,,,,,,,,,,,,,,,,,,,,,,,,,
Millipore Corporation,USANAFTA,,,325414,334516,333999,,,,,,,,,,,,,,,,,,,,,,,,,,
Mine Safety Appliances Company,USANAFTA,,,339113,322291,,,,,,,,,,,,,,,,,,,,,,,,,,,
Minnesota Mining & Manufacturing (3M),USANAFTA,CT12,FTCOAL,322220,333314,334210,322222,325520,322233,327910,325211,326299,339113,339114,339112,325411,327999,334510,334613,,,,,,,,,,,,,
"Missouri Laminates, inc.",USANAFTA,,,327999,339991,,,,,,,,,,,,,,,,,,,,,,,,,,,
Missouri -Pacific Lumber Co.,USANAFTA,,,321113,321918,,,,,,,,,,,,,,,,,,,,,,,,,,,
Mobil Corporation,FTCOAL,,,211111,211112,324110,325110,,,,,,,,,,,,,,,,,,,,,,,,,
Modernistic,USANAFTA,,,323113,323111,322226,322299,333291,322211,333298,,,,,,,,,,,,,,,,,,,,,,
Modine Manufacturing Company,USANAFTA,,,333415,332410,336322,336399,336391,,,,,,,,,,,,,,,,,,,,,,,,
"Modular Connection, inc.",USANAFTA,,,,,,,,,,,,,,,,,,,,,,,,,,,,,,,
Mohs Seaplane Corp.,USANAFTA,,,,,,,,,,,,,,,,,,,,,,,,,,,,,,,
Molex Corporation,FTCOAL,,,334220,334513,335929,334417,334419,,,,,,,,,,,,,,,,,,,,,,,,
Moline Paint Manufacturing,USANAFTA,,,325510,,,,,,,,,,,,,,,,,,,,,,,,,,,,
Monarch Mfg. Co.,USANAFTA,,,332321,326121,,,,,,,,,,,,,,,,,,,,,,,,,,,
Monsanto Co.,USANAFTA,CT1,AGNAF/FTCOAL,111998,325320,325998,,,,,,,,,,,,,,,,,,,,,,,,,,
"Monticello Hardwood, inc.",USANAFTA,,,321114,321113,,,,,,,,,,,,,,,,,,,,,,,,,,,
Moorman Manufacturing Company,USANAFTA,,,311119,,,,,,,,,,,,,,,,,,,,,,,,,,,,
Morgan Manufacturing Co.,USANAFTA,,,333120,,,,,,,,,,,,,,,,,,,,,,,,,,,,
Morrison Knudsen Corp.,USANAFTA,,,212112,,,,,,,,,,,,,,,,,,,,,,,,,,,,
"Morrissey, inc.",USANAFTA,,,332119,332116,332997,,,,,,,,,,,,,,,,,,,,,,,,,,
"Morton Printers, inc.",USANAFTA,,,323111,323110,323112,323100,,,,,,,,,,,,,,,,,,,,,,,,,
Mosler inc.,USANAFTA,,,332999,,,,,,,,,,,,,,,,,,,,,,,,,,,,
Motorola,FTCOAL,,,334210,334290,,,,,,,,,,,,,,,,,,,,,,,,,,,
Mt. Savage Firebrick Company,USANAFTA,,,339999,327124,,,,,,,,,,,,,,,,,,,,,,,,,,,
MTE Corporation,USANAFTA,,,334416,335311,,,,,,,,,,,,,,,,,,,,,,,,,,,
MTI International,USANAFTA,,,334418,334412,334419,,,,,,,,,,,,,,,,,,,,,,,,,,
Murphy Oil Corp.,USANAFTA,,,324110,211111,,,,,,,,,,,,,,,,,,,,,,,,,,,
Myers Industries inc.,USANAFTA,,,326199,337214,326121,326100,,,,,,,,,,,,,,,,,,,,,,,,,
Nalco Chemical Co.,USANAFTA,,,333249,325998,333318,,,,,,,,,,,,,,,,,,,,,,,,,,
Napier Co.,USANAFTA,,,332813,339911,,,,,,,,,,,,,,,,,,,,,,,,,,,
National Gypsum Co.,USANAFTA,,,327420,,,,,,,,,,,,,,,,,,,,,,,,,,,,
National Semiconductor Corp.,USANAFTA,,,334413,334419,,,,,,,,,,,,,,,,,,,,,,,,,,,
NC+ Hybrids,AGNAF,,,111110,111120,111140,111150,111199,,,,,,,,,,,,,,,,,,,,,,,,
NCR Corporation,FTCOAL,,,333318,,,,,,,,,,,,,,,,,,,,,,,,,,,,
Nellcor ,USANAFTA,,,334150,,,,,,,,,,,,,,,,,,,,,,,,,,,,
"Nercon Eng. & Mfg., inc.",USANAFTA,,,333992,333993,,,,,,,,,,,,,,,,,,,,,,,,,,,
Nestle USA,USANAFTA,AGNAF,,311352,311514,311421,311351,311340,311920,311511,311999,311520,311991,311412,,,,,,,,,,,,,,,,,,
"New Bedford Thread Co., inc.",USANAFTA,,,313110,313113,,,,,,,,,,,,,,,,,,,,,,,,,,,
New Cherokee Company,USANAFTA,,,,,,,,,,,,,,,,,,,,,,,,,,,,,,,
"New Jersey Porcelain Co., inc.",USANAFTA,,,327110,,,,,,,,,,,,,,,,,,,,,,,,,,,,
"New Mather Metals, inc.",USANAFTA,,,336399,339999,,,,,,,,,,,,,,,,,,,,,,,,,,,
"Newkor, inc. ",USANAFTA,,,322219,322214,,,,,,,,,,,,,,,,,,,,,,,,,,,
Niagra Lubricant ,USANAFTA,,,324191,324122,324191,,,,,,,,,,,,,,,,,,,,,,,,,,
Niagra Custombuilt ,USANAFTA,,,333994,,,,,,,,,,,,,,,,,,,,,,,,,,,,
Nickles Machine Corporation,USANAFTA,,,333613,332911,,,,,,,,,,,,,,,,,,,,,,,,,,,
NIcolet Hardwoods ,USANAFTA,,,321113,321912,321918, ,,,,,,,,,,,,,,,,,,,,,,,,,
"Nike, inc.",USANAFTA,,,316211,315991,315999,315211,339920,316210,315228,316219,315991,,,,,,,,,,,,,,,,,,,,
"NN Ball & Roller, inc.",USANAFTA,,,332991,,,,,,,,,,,,,,,,,,,,,,,,,,,,
"Noblesville Casting, inc.",USANAFTA,,,331511,,,,,,,,,,,,,,,,,,,,,,,,,,,,
Nor-Am Chemcial Company,AGNAF,,,325311,325312,325314,,,,,,,,,,,,,,,,,,,,,,,,,,
Nor-cal Metal Fabricators ,USANAFTA,,,332322,332999,332321,,,,,,,,,,,,,,,,,,,,,,,,,,
Nor-cote inc.,USANAFTA,,,332811,,,,,,,,,,,,,,,,,,,,,,,,,,,,
Nor-lake inc.,USANAFTA,,,333415,,,,,,,,,,,,,,,,,,,,,,,,,,,,
"Noranda Aluminum, inc.",USANAFTA,,,331313,331315,331312,331319,,,,,,,,,,,,,,,,,,,,,,,,,
Nordic Meats inc.,USANAFTA,,,311611,311613,311612,311600,311615,,,,,,,,,,,,,,,,,,,,,,,,
Normeldon Holding Limited ,USANAFTA,,,,,,,,,,,,,,,,,,,,,,,,,,,,,,,
Norstam Veneers inc.,USANAFTA,,,321211,321918,339113,,,,,,,,,,,,,,,,,,,,,,,,,,
North American Chemicals ,USANAFTA,,,325998,,,,,,,,,,,,,,,,,,,,,,,,,,,,
Northland Forest Products,USANAFTA,,,321918,,,,,,,,,,,,,,,,,,,,,,,,,,,,
Northwestern Bottle Co.,USANAFTA,,,,,,,,,,,,,,,,,,,,,,,,,,,,,,,
"Norwich Aero Products, inc.",USANAFTA,,,334511,334419,334513,334519,,,,,,,,,,,,,,,,,,,,,,,,,
NU Hope Labs,USANAFTA,,,339112,339113,,,,,,,,,,,,,,,,,,,,,,,,,,,
Nunn Manufacturing Company,USANAFTA,,,339999,,,,,,,,,,,,,,,,,,,,,,,,,,,,
"NY-Glass Plastics, inc.",USANAFTA,,,326199,332116,333511,336399,326121,,,,,,,,,,,,,,,,,,,,,,,,
O'Shea Lumber Co. ,USANAFTA,,,321211,321918,337212,321113,,,,,,,,,,,,,,,,,,,,,,,,,
O.B. Williams Co. ,USANAFTA,,,337212,321911,321918,337110,,,,,,,,,,,,,,,,,,,,,,,,,
Occidental Petroleum Corporation,USANAFTA,,,211111,211112,324110,325211,325180,325199,325110,,,,,,,,,,,,,,,,,,,,,,
Octagon Process Inc.,USANAFTA,,,325998,325320,325612,,,,,,,,,,,,,,,,,,,,,,,,,,
Old Monroe Elevator and Supply ,USANAFTA,,,325311,325312,311119,,,,,,,,,,,,,,,,,,,,,,,,,,
Olin Corporation,USANAFTA,FTCOAL,,325180,332993,332992,,,,,,,,,,,,,,,,,,,,,,,,,,
Oliver Rubber Co. ,USANAFTA,,,326212,326211,,,,,,,,,,,,,,,,,,,,,,,,,,,
Olympic Controls Corp. ,USANAFTA,,,336320,335314,335312,335313,,,,,,,,,,,,,,,,,,,,,,,,,
Omaha Processing Equipment Co. ,USANAFTA,,,,,,,,,,,,,,,,,,,,,,,,,,,,,,,
"Omar B. Milligan Enterprises, Inc. ",USANAFTA,,,211111,,,,,,,,,,,,,,,,,,,,,,,,,,,,
Oneida Ltd.,USANAFTA,,,332211,327215,327112,,,,,,,,,,,,,,,,,,,,,,,,,,
"Orange Products, Inc. ",USANAFTA,,,326199,,,,,,,,,,,,,,,,,,,,,,,,,,,,
Orbit Valve Co. ,USANAFTA,,,331511,332911,,,,,,,,,,,,,,,,,,,,,,,,,,,
Orcon Corporation,USANAFTA,,,327993,327999,,,,,,,,,,,,,,,,,,,,,,,,,,,
"Orderest, Inc.",USANAFTA,,,337910,,,,,,,,,,,,,,,,,,,,,,,,,,,,
"Orthman Manufacturing, Inc. ",USANAFTA,,,333111,,,,,,,,,,,,,,,,,,,,,,,,,,,,
"Osage Catfisheries, Inc. ",USANAFTA,,,112511,,,,,,,,,,,,,,,,,,,,,,,,,,,,
Oshkosh Truck Corporation,USANAFTA,,,336211,336120,336212,,,,,,,,,,,,,,,,,,,,,,,,,,
"Osmose Wood Preserivng, Inc. *Acquired by Koppers Performace Chemicals in 2014. ",USANAFTA,,,321114,,,,,,,,,,,,,,,,,,,,,,,,,,,,
Outboard Marine Corporation *Went out of business in 2000.,USANAFTA,,,333618,336612,,,,,,,,,,,,,,,,,,,,,,,,,,,
"Owens Forest Products *Could not find website, coded based on Manta.",USANAFTA,,,113210,,,,,,,,,,,,,,,,,,,,,,,,,,,,
Owens-Corning Corp. ,USANAFTA,,,324122,326140,327993,,,,,,,,,,,,,,,,,,,,,,,,,,
"Ozark Boat Works, Inc. ",USANAFTA,,,336612,,,,,,,,,,,,,,,,,,,,,,,,,,,,
Pacer Corporation,USANAFTA,,,327999,327992,212399,,,,,,,,,,,,,,,,,,,,,,,,,,
"Pacific Roller Die Co., Inc. ",USANAFTA,,,333517,333519,,,,,,,,,,,,,,,,,,,,,,,,,,,
Padco Inc. ,USANAFTA,,,339994,332216,,,,,,,,,,,,,,,,,,,,,,,,,,,
"Pandjiris, Inc. ",USANAFTA,,,333992,333514,,,,,,,,,,,,,,,,,,,,,,,,,,,
"Panel Processing, Inc. ",USANAFTA,,,337215,321213,321999,,,,,,,,,,,,,,,,,,,,,,,,,,
"Parade Package Materials, Inc. ",USANAFTA,,,326112,,,,,,,,,,,,,,,,,,,,,,,,,,,,
"Parkdale Mills, Inc. ",USANAFTA,,,313110,,,,,,,,,,,,,,,,,,,,,,,,,,,,
"Parmelee Industries, Inc./US Safety",USANAFTA,,,339113,339115,,,,,,,,,,,,,,,,,,,,,,,,,,,
Parris Manufacturing Company,USANAFTA,,,339930,,,,,,,,,,,,,,,,,,,,,,,,,,,,
Pasco Scientific,USANAFTA,,,334516,,,,,,,,,,,,,,,,,,,,,,,,,,,,
Pasquinnelli Produce ,FTCOAL,,,111219,,,,,,,,,,,,,,,,,,,,,,,,,,,,
"PDQ! Printing Center, Inc. ",USANAFTA,,,323111,,,,,,,,,,,,,,,,,,,,,,,,,,,,
Pearson's Livestock Equipment Inc. ,USANAFTA,,,333111,,,,,,,,,,,,,,,,,,,,,,,,,,,,
Peavey Electronics Corporation,USANAFTA,,,334220,339992,334310,,,,,,,,,,,,,,,,,,,,,,,,,,
Pecora Corporation,USANAFTA,,,325520,325212,,,,,,,,,,,,,,,,,,,,,,,,,,,
"Pedrick Tool & Machine Co., Inc. ",USANAFTA,,,333517,,,,,,,,,,,,,,,,,,,,,,,,,,,,
Pekin Energy Company,AGNAF,,,325193,,,,,,,,,,,,,,,,,,,,,,,,,,,,
Pelocor Corporation,USANAFTA,,,,,,,,,,,,,,,,,,,,,,,,,,,,,,,
"Pennsylvania House Furniture, Inc. ",USANAFTA,,,337122,,,,,,,,,,,,,,,,,,,,,,,,,,,,
Pennzoil ,USANAFTA,FTCOAL,,325998,324191,324191,,,,,,,,,,,,,,,,,,,,,,,,,,
Pepsico,USANAFTA,FTCOAL,,312111,312112,311919,311230,311411,,,,,,,,,,,,,,,,,,,,,,,,
"Perfect Thread Co., Inc. ",USANAFTA,,,313110,,,,,,,,,,,,,,,,,,,,,,,,,,,,
"Performance Roof Systems, Inc. ",USANAFTA,,,324122,,,,,,,,,,,,,,,,,,,,,,,,,,,,
"Periman Enterprises, Inc. ",USANAFTA,,,332812,,,,,,,,,,,,,,,,,,,,,,,,,,,,
Perkin-Elmer Corporation,USANAFTA,FTCOAL,,325412,325413,334510,334516,,,,,,,,,,,,,,,,,,,,,,,,,
Perry Company ,USANAFTA,,,332312,,,,,,,,,,,,,,,,,,,,,,,,,,,,
Pet Incorporated,USANAFTA,,,311514,,,,,,,,,,,,,,,,,,,,,,,,,,,,
Peterson Manufacturing Co. ,USANAFTA,,,336320,336390,,,,,,,,,,,,,,,,,,,,,,,,,,,
Petrolite Corporation,USANAFTA,,,325110,,,,,,,,,,,,,,,,,,,,,,,,,,,,
"Pfizer, Inc. ",USANAFTA,FTCOAL,,325411,325412,325413,325414,,,,,,,,,,,,,,,,,,,,,,,,,
"Pharr Yarns, Inc. ",USANAFTA,,,313110,,,,,,,,,,,,,,,,,,,,,,,,,,,,
Phelps Dodge Corporation,USANAFTA,,,212234,212299,,,,,,,,,,,,,,,,,,,,,,,,,,,
Philips Corporation,FTCOAL,,,335210,334310,335110,,,,,,,,,,,,,,,,,,,,,,,,,,
"Philip Morris Companies, Inc.",USANAFTA,FTCOAL,,312230,,,,,,,,,,,,,,,,,,,,,,,,,,,,
Phillips Petroleum Company,USANAFTA,FTCOAL,,211111,324110,324191,324199,325110,211112,,,,,,,,,,,,,,,,,,,,,,,
"Phoenix Medical Technology, Inc.",USANAFTA,,,339113,,,,,,,,,,,,,,,,,,,,,,,,,,,,
Phoenix Products Co. Inc. ,USANAFTA,,,335122,335129,,,,,,,,,,,,,,,,,,,,,,,,,,,
Phoenix Textile Corporation,USANAFTA,,,313210,313310,313320,335122,337127,314110,314120,,,,,,,,,,,,,,,,,,,,,,
Picker International Inc. ,USANAFTA,,,334517,,,,,,,,,,,,,,,,,,,,,,,,,,,,
"Pickhardt & Siebert USA, Inc. ",USANAFTA,,,313210,314120,,,,,,,,,,,,,,,,,,,,,,,,,,,
Pierson-Hollowell Co. ,USANAFTA,,,321918,,,,,,,,,,,,,,,,,,,,,,,,,,,,
Pioneer Hi-Bred International,AGNAF,,,111110,111120,111140,111150,111199,,,,,,,,,,,,,,,,,,,,,,,,
Pittsburgh Tube Co.,CT5 ,,,331210,,,,,,,,,,,,,,,,,,,,,,,,,,,,
Pittway Corporation,USANAFTA,,,334290,,,,,,,,,,,,,,,,,,,,,,,,,,,,
"Plains Plastics, Inc. ",USANAFTA,,,326113,326121,,,,,,,,,,,,,,,,,,,,,,,,,,,
"Plastinetics, Inc. ",USANAFTA,,,326199,,,,,,,,,,,,,,,,,,,,,,,,,,,,
"Platatek, Inc. ",USANAFTA,,,,,,,,,,,,,,,,,,,,,,,,,,,,,,,
Plum Creek Timber Co. ,USANAFTA,,,321113,321219,321211,,,,,,,,,,,,,,,,,,,,,,,,,,
Polaroid Corporation,USANAFTA,FTCOAL,,333314,333316,,,,,,,,,,,,,,,,,,,,,,,,,,,
Polyfab Corporation,USANAFTA,,,326199,,,,,,,,,,,,,,,,,,,,,,,,,,,,
Pond Systems,USANAFTA,,,334111,,,,,,,,,,,,,,,,,,,,,,,,,,,,
"Pope & Talbot *Filed bankruptcy in 2008, coded based on what I could find. ",USANAFTA,,,322110,321113,,,,,,,,,,,,,,,,,,,,,,,,,,,
Proter International,FTCOAL,,,316998,,,,,,,,,,,,,,,,,,,,,,,,,,,,
Potlatch Corporation,USANAFTA,,,321113,321211,321212,322110,,,,,,,,,,,,,,,,,,,,,,,,,
"Powdercoat Services, Inc. ",USANAFTA,,,325510,332812,,,,,,,,,,,,,,,,,,,,,,,,,,,
Power Supply Industries ,USANAFTA,,,333912,,,,,,,,,,,,,,,,,,,,,,,,,,,,
Praegitzer Industries,USANAFTA,,,334412,,,,,,,,,,,,,,,,,,,,,,,,,,,,
Precision Dynamics Corporation,USANAFTA,,,326199,,,,,,,,,,,,,,,,,,,,,,,,,,,,
Precision Fabric Group Inc. ,USANAFTA,,,313210,313230,,,,,,,,,,,,,,,,,,,,,,,,,,,
"Precision Machine & Engineering, Inc. ",USANAFTA,,,332710,,,,,,,,,,,,,,,,,,,,,,,,,,,,
"Precision Thermoplastic Components, Inc. ",USANAFTA,,,326199,,,,,,,,,,,,,,,,,,,,,,,,,,,,
Precision Twist Drill Co,USANAFTA,,,333515,333517,,,,,,,,,,,,,,,,,,,,,,,,,,,
"Preferred Leads, Inc. ",USANAFTA,,,,,,,,,,,,,,,,,,,,,,,,,,,,,,,
"Pressure Blast Manufacturing Co., Inc. ",USANAFTA,,,327910,,,,,,,,,,,,,,,,,,,,,,,,,,,,
Prestolite Wire Corpoation,FTCOAL,,,336320,335929,332618,,,,,,,,,,,,,,,,,,,,,,,,,,
PreVenTronics,FTCOAL,,,334220,334290,,,,,,,,,,,,,,,,,,,,,,,,,,,
Prime Lumber Co. ,USANAFTA,,,321211,321912,321918,,,,,,,,,,,,,,,,,,,,,,,,,,
Printpack,AGNAF,,,326122,322220,326111,,,,,,,,,,,,,,,,,,,,,,,,,,
Procter & Gamble ,USANAFTA,CT5,CT2/CT18/FTCOAL,325620,325611,322291,325411,325412,325413,325414,,,,,,,,,,,,,,,,,,,,,,
Procter & Gamble Paper Products Co. ,USANAFTA,,,322121,,,,,,,,,,,,,,,,,,,,,,,,,,,,
Producers Rice Mill,AGNAF,,,311212,,,,,,,,,,,,,,,,,,,,,,,,,,,,
Professional Chemicals Corp. ,USANAFTA,,,333318,333413,325612,,,,,,,,,,,,,,,,,,,,,,,,,,
Prolight ,USANAFTA,,,335122,,,,,,,,,,,,,,,,,,,,,,,,,,,,
"Proma, Inc.",USANAFTA,,,339114,,,,,,,,,,,,,,,,,,,,,,,,,,,,
Protein Technologies Incorporated,USANAFTA,,,311224,,,,,,,,,,,,,,,,,,,,,,,,,,,,
Proxima Corporation,USANAFTA,,,333316,334118,,,,,,,,,,,,,,,,,,,,,,,,,,,
PSI Energy Inc,FTCOAL,,,334513,,,,,,,,,,,,,,,,,,,,,,,,,,,,
"PTL Manufacturing, Inc. ",USANAFTA,,,333517,333992,,,,,,,,,,,,,,,,,,,,,,,,,,,
Pulaski Furniture Corp. ,USANAFTA,,,337121,337122,337127,,,,,,,,,,,,,,,,,,,,,,,,,,
Pullift Corp. ,USANAFTA,,,333923,,,,,,,,,,,,,,,,,,,,,,,,,,,,
Punati Chemical Corp. ,USANAFTA,,,325612,325611,,,,,,,,,,,,,,,,,,,,,,,,,,,
"Purafil, Inc. ",USANAFTA,,,333413,335210,,,,,,,,,,,,,,,,,,,,,,,,,,,
"Purity Products, Inc. ",USANAFTA,,,325412,,,,,,,,,,,,,,,,,,,,,,,,,,,,
"Q&D Plastics, Inc. ",USANAFTA,,,326121,326199,,,,,,,,,,,,,,,,,,,,,,,,,,,
Q3 Stamped Metal ,USANAFTA,,,336370,332119,,,,,,,,,,,,,,,,,,,,,,,,,,,
Quaker Fabric Corporation,USANAFTA,,,313110,313210,,,,,,,,,,,,,,,,,,,,,,,,,,,
Quaker Oats ,USANAFTA,AGNAF,,311230,311340,311821,311919,,,,,,,,,,,,,,,,,,,,,,,,,
Quaker State Corporation,USANAFTA,,,325998,336390,324191,,,,,,,,,,,,,,,,,,,,,,,,,,
Quality Chaser Company,USANAFTA,,,333515,,,,,,,,,,,,,,,,,,,,,,,,,,,,
"Quality Machine & Supply, Inc. ",USANAFTA,,,332710,,,,,,,,,,,,,,,,,,,,,,,,,,,,
"Quality Solutions, Inc. ",USANAFTA,,,339113,339115,,,,,,,,,,,,,,,,,,,,,,,,,,,
Quanex Corp,CT5 ,,,332114,332321,,,,,,,,,,,,,,,,,,,,,,,,,,,
Quantum Manufacturing,FTCOAL,,,332710,,,,,,,,,,,,,,,,,,,,,,,,,,,,
R&D Equipment Company ,USANAFTA,,,333249,333111,333318,,,,,,,,,,,,,,,,,,,,,,,,,,
"R&P Electroplating, Inc.",USANAFTA,,,332813,,,,,,,,,,,,,,,,,,,,,,,,,,,,
R.A. Jones & Co. Inc. ,USANAFTA,,,333993,,,,,,,,,,,,,,,,,,,,,,,,,,,,
R.E. Chapin Manufacturing ,USANAFTA,,,333112,333912,,,,,,,,,,,,,,,,,,,,,,,,,,,
"R.F. Technologies, Inc. ",USANAFTA,,,334220,,,,,,,,,,,,,,,,,,,,,,,,,,,,
R.J. Walker & Co. ,USANAFTA,,,,,,,,,,,,,,,,,,,,,,,,,,,,,,,
"R.L. Stowe Mills, Inc. ",USANAFTA,,,313110,,,,,,,,,,,,,,,,,,,,,,,,,,,,
R.R. Donnelly & Sons Company ,USANAFTA,,,323117,322230,323111,,,,,,,,,,,,,,,,,,,,,,,,,,
"Racine Iron & Wire Works, Inc. ",USANAFTA,,,332618,,,,,,,,,,,,,,,,,,,,,,,,,,,,
Rafan Inc. ,USANAFTA,,,332216,,,,,,,,,,,,,,,,,,,,,,,,,,,,
Rajala Companies ,USANAFTA,,,321211,321918,321999,321212,,,,,,,,,,,,,,,,,,,,,,,,,
Ralston Purina Company,USANAFTA,AGNAF,,311111,,,,,,,,,,,,,,,,,,,,,,,,,,,,
Ramsay Fabrics Company,USANAFTA,,,313210,313220,,,,,,,,,,,,,,,,,,,,,,,,,,,
Ramsey Products Corporation,USANAFTA,,,333613,332618,333922,,,,,,,,,,,,,,,,,,,,,,,,,,
"Rapid Engineering, Inc. ",USANAFTA,,,333519,333249,,,,,,,,,,,,,,,,,,,,,,,,,,,
READE Advanced Materials ,USANAFTA,,,325199,325180,,,,,,,,,,,,,,,,,,,,,,,,,,,
"Reckitt & Colman, Inc.",USANAFTA,,,311941,325412,325620,,,,,,,,,,,,,,,,,,,,,,,,,,
"Reeves Brothers, Inc.",USANAFTA,,,313320,,,,,,,,,,,,,,,,,,,,,,,,,,,,
Regal-Beloit Corporation,USANAFTA,,,335312,333612,335313,333613,,,,,,,,,,,,,,,,,,,,,,,,,
Regent-Sheffield ,USANAFTA,,,332215,,,,,,,,,,,,,,,,,,,,,,,,,,,,
"Reheis, Inc.",USANAFTA,,,325180,325412,,,,,,,,,,,,,,,,,,,,,,,,,,,
"Renold, Inc. ",USANAFTA,,,333613,332618,333612,336350,,,,,,,,,,,,,,,,,,,,,,,,,
"Revenue Markets, Inc. ",USANAFTA,,,339950,,,,,,,,,,,,,,,,,,,,,,,,,,,,
Rexnord Corporation,USANAFTA,,,333613,333612,336340,,,,,,,,,,,,,,,,,,,,,,,,,,
Rice Tec Inc.,AGNAF,,,111160,,,,,,,,,,,,,,,,,,,,,,,,,,,,
Riceland Foods,AGNAF,,,111160,311212,311225,,,,,,,,,,,,,,,,,,,,,,,,,,
Richland Screw Machine Products ,USANAFTA,,,333517,333519,,,,,,,,,,,,,,,,,,,,,,,,,,,
Ricoh Corporation ,USANAFTA,,,334118,333316,,,,,,,,,,,,,,,,,,,,,,,,,,,
"Ridgeview, Inc.",USANAFTA,,,315110,,,,,,,,,,,,,,,,,,,,,,,,,,,,
Rimpac International Co. ,USANAFTA,,,325211,,,,,,,,,,,,,,,,,,,,,,,,,,,,
Rios of Mercedes ,USANAFTA,,,316210,,,,,,,,,,,,,,,,,,,,,,,,,,,,
Riverdale Mills Corporation ,USANAFTA,,,331222,332618,,,,,,,,,,,,,,,,,,,,,,,,,,,
Riverwood International Corporation ,USANAFTA,,,322121,322130,322212,,,,,,,,,,,,,,,,,,,,,,,,,,
Riviana Foods,AGNAF,,,311212,311824,,,,,,,,,,,,,,,,,,,,,,,,,,,
RJR Nabisco,USANAFTA,,,312230,311821,311919,,,,,,,,,,,,,,,,,,,,,,,,,,
"Robbins & Myers, Inc.",USANAFTA,,,333911,333996,,,,,,,,,,,,,,,,,,,,,,,,,,,
Robinson Brick Company ,USANAFTA,,,327120,,,,,,,,,,,,,,,,,,,,,,,,,,,,
Robot Research,USANAFTA,,,,,,,,,,,,,,,,,,,,,,,,,,,,,,,
"Robroy Industries, Inc. ",USANAFTA,,,332919,332912,332913,335932,,,,,,,,,,,,,,,,,,,,,,,,,
Rockwell International,USANAFTA,FTCOAL,,334511,335314,336411,336414,336412,33645,336419,333244,332911,,,,,,,,,,,,,,,,,,,,
Rohm and Haas Company,USANAFTA,FTCOAL,,325180,325510,325211,,,,,,,,,,,,,,,,,,,,,,,,,,
Rome Cable Co. ,USANAFTA,,,335929,,,,,,,,,,,,,,,,,,,,,,,,,,,,
Rosco Manufacturing Co.,USANAFTA,,,333120,,,,,,,,,,,,,,,,,,,,,,,,,,,,
"Rotex, Inc. ",USANAFTA,,,333999,333249,,,,,,,,,,,,,,,,,,,,,,,,,,,
Royal Machine & Tool Corporation,USANAFTA,,,333515,332911,332710,,,,,,,,,,,,,,,,,,,,,,,,,,
Rubbermaid Inc. ,USANAFTA,,,326199,332618,337215,,,,,,,,,,,,,,,,,,,,,,,,,,
Russell Coil Company,FTCOAL,,,333414,333415,,,,,,,,,,,,,,,,,,,,,,,,,,,
"Russell-Newman, Inc. ",USANAFTA,,,315210,315240,313210,315110,315190,315220,,,,,,,,,,,,,,,,,,,,,,,
S&C Electric Company,USANAFTA,,,335311,335313,334419,335999,,,,,,,,,,,,,,,,,,,,,,,,,
"S&S Optical Co., Inc. ",USANAFTA,,,327212,,,,,,,,,,,,,,,,,,,,,,,,,,,,
S&S Tool Inc. ,USANAFTA,,,333515,332216,,,,,,,,,,,,,,,,,,,,,,,,,,,
"S.B. Whistler & Sons, Inc. ",USANAFTA,,,333514,,,,,,,,,,,,,,,,,,,,,,,,,,,,
Sakrete Inc. ,USANAFTA,,,327320,333120,327120,,,,,,,,,,,,,,,,,,,,,,,,,,
Samsonite,FTCOAL,,,316998,,,,,,,,,,,,,,,,,,,,,,,,,,,,
"Saniserv, Inc. ",USANAFTA,,,333241,,,,,,,,,,,,,,,,,,,,,,,,,,,,
"Sanko Electronics America, Inc. ",USANAFTA,,,334417,,,,,,,,,,,,,,,,,,,,,,,,,,,,
Sara Lee Corporation,USANAFTA,FTCOAL,,311812,311513,311615,311612,,,,,,,,,,,,,,,,,,,,,,,,,
Sara Lee Knit Products,USANAFTA,,,315110,315190,315240,315220,,,,,,,,,,,,,,,,,,,,,,,,,
"Sargento Cheese Co., Inc. ",USANAFTA,,,311513,,,,,,,,,,,,,,,,,,,,,,,,,,,,
"Sausage Maker, Inc. ",USANAFTA,,,333241,326121,311942,,,,,,,,,,,,,,,,,,,,,,,,,,
"Savoie Industries, Inc.",USANAFTA,,,311314,,,,,,,,,,,,,,,,,,,,,,,,,,,,
"Sayett Group, Inc. ",USANAFTA,,,334419,,,,,,,,,,,,,,,,,,,,,,,,,,,,
Sawhill Tubular Division,CT5,,,331210,,,,,,,,,,,,,,,,,,,,,,,,,,,,
"Sazerac Company, Inc. ",USANAFTA,,,312140,312120,,,,,,,,,,,,,,,,,,,,,,,,,,,
"Schatz Underground Cable, Inc.",USANAFTA,,,331420,,,,,,,,,,,,,,,,,,,,,,,,,,,,
Schering-Plough International,USANAFTA,,,325411,325412,325413,325414,,,,,,,,,,,,,,,,,,,,,,,,,
Schlage Lock Company,USANAFTA,,,332510,334290,,,,,,,,,,,,,,,,,,,,,,,,,,,
Schleicher and Company,USANAFTA,,,333318,,,,,,,,,,,,,,,,,,,,,,,,,,,,
"Schmid Lumber Co., Inc.",USANAFTA,,,321211,321918,321212,,,,,,,,,,,,,,,,,,,,,,,,,,
"Schreiber Corporation, Inc. ",USANAFTA,,,333318,,,,,,,,,,,,,,,,,,,,,,,,,,,,
"Schuller International, Inc.",USANAFTA,,,327993,327420,325211,324122,,,,,,,,,,,,,,,,,,,,,,,,,
Schulze Manufacturing,USANAFTA,,,335312,334515,334514,,,,,,,,,,,,,,,,,,,,,,,,,,
Schwarz Pharma Inc.,USANAFTA,,,325412,,,,,,,,,,,,,,,,,,,,,,,,,,,,
Schweda Machine,USANAFTA,,,333517,333515,333514,334515,333519,,,,,,,,,,,,,,,,,,,,,,,,
Schweiger Industries,USANAFTA,,,337121,,,,,,,,,,,,,,,,,,,,,,,,,,,,
Scott Paper Company,USANAFTA,FTCOAL,,322121,322291,,,,,,,,,,,,,,,,,,,,,,,,,,,
SCT Yarn Inc. ,USANAFTA,,,313110,,,,,,,,,,,,,,,,,,,,,,,,,,,,
Seagram Chateau & Estate Wines Co. ,USANAFTA,,,312130,,,,,,,,,,,,,,,,,,,,,,,,,,,,
Seaman Corporation,USANAFTA,,,313210,313240,313310,313320,,,,,,,,,,,,,,,,,,,,,,,,,
Seattle Box Co. ,USANAFTA,,,321920,321999,,,,,,,,,,,,,,,,,,,,,,,,,,,
"Seeley Ceramic, Inc. ",USANAFTA,,,339930,,,,,,,,,,,,,,,,,,,,,,,,,,,,
Sellstrom Manufacturing Co. ,USANAFTA,,,339113,339115,,,,,,,,,,,,,,,,,,,,,,,,,,,
"Sewing Market Industries, Inc. ",USANAFTA,,,313110,,,,,,,,,,,,,,,,,,,,,,,,,,,,
"Seymour Manufacturing Co., Inc. ",USANAFTA,,,339994,332216,,,,,,,,,,,,,,,,,,,,,,,,,,,
"SFK Steel, Inc. ",USANAFTA,,,331110,331210,331221,,,,,,,,,,,,,,,,,,,,,,,,,,
Shannon Lumber International,USANAFTA,,,321211,321912,,,,,,,,,,,,,,,,,,,,,,,,,,,
"Shape, Finish and Light Corp. ",USANAFTA,,,335122,,,,,,,,,,,,,,,,,,,,,,,,,,,,
Shape Magnetronics,FTCOAL,,,335311,,,,,,,,,,,,,,,,,,,,,,,,,,,,
"Shaped Wire, Inc. ",USANAFTA,,,331221,331222,,,,,,,,,,,,,,,,,,,,,,,,,,,
Sharon Tube Company,USANAFTA,CT5,,331210,,,,,,,,,,,,,,,,,,,,,,,,,,,,
"Shaw-Almex USA, Inc. ",USANAFTA,,,,,,,,,,,,,,,,,,,,,,,,,,,,,,,
Shell Oil Company ,USANAFTA,CT1,FTCOAL,324110,324191,211111,211112,,,,,,,,,,,,,,,,,,,,,,,,,
Shepard Chemical Company *I think this should be Shepherd Chemical Co. ,USANAFTA,,,325199,,,,,,,,,,,,,,,,,,,,,,,,,,,,
"Shuford Mills, Inc. ",USANAFTA,,,313110,325220,,,,,,,,,,,,,,,,,,,,,,,,,,,
"Shullsurg Creamery, Inc. ",USANAFTA,,,311513,,,,,,,,,,,,,,,,,,,,,,,,,,,,
"Shure Brothers, Inc.",USANAFTA,,,334310,334220,,,,,,,,,,,,,,,,,,,,,,,,,,,
SHW Inc. ,USANAFTA,,,333519,,,,,,,,,,,,,,,,,,,,,,,,,,,,
"Siderco International, Inc.",USANAFTA,,,331110,,,,,,,,,,,,,,,,,,,,,,,,,,,,
Siemens Hearing Instruments ,USANAFTA,,,334510,,,,,,,,,,,,,,,,,,,,,,,,,,,,
Sign Arts & Graphics Expressions,USANAFTA,,,339950,,,,,,,,,,,,,,,,,,,,,,,,,,,,
Signal Thread Company,USANAFTA,,,313110,,,,,,,,,,,,,,,,,,,,,,,,,,,,
"Simflo Pumps, Inc. ",USANAFTA,,,333911,333611,,,,,,,,,,,,,,,,,,,,,,,,,,,
Singer Furniture Company,USANAFTA,,,337127,,,,,,,,,,,,,,,,,,,,,,,,,,,,
"Sivaco New York, Inc.",USANAFTA,,,331221,,,,,,,,,,,,,,,,,,,,,,,,,,,,
Sligh Furniture Co.,USANAFTA,,,337122,,,,,,,,,,,,,,,,,,,,,,,,,,,,
"Slocomb Industries, Inc. ",USANAFTA,,,326199,,,,,,,,,,,,,,,,,,,,,,,,,,,,
SMG Control Systems,USANAFTA,,,332322,,,,,,,,,,,,,,,,,,,,,,,,,,,,
Smith Corona Corporation,USANAFTA,,,322220,333318,,,,,,,,,,,,,,,,,,,,,,,,,,,
Smith Electrochemical Company ,USANAFTA,,,332813,,,,,,,,,,,,,,,,,,,,,,,,,,,,
Smith Inc. ,USANAFTA,,,,,,,,,,,,,,,,,,,,,,,,,,,,,,,
Smithers-Oasis Co. ,USANAFTA,,,326140,339999,111422,115114,,,,,,,,,,,,,,,,,,,,,,,,,
SMS Engineering Inc.,USANAFTA,,,333519,,,,,,,,,,,,,,,,,,,,,,,,,,,,
Snap-On Tools Corporation,USANAFTA,,,333991,332216,332439,336310,334515,334514,333318,333912,,,,,,,,,,,,,,,,,,,,,
"Snavely Forest Products, Inc. ",USANAFTA,,,321918,321113,321911,321213,,,,,,,,,,,,,,,,,,,,,,,,,
"SNC Manufacturing, Inc. ",USANAFTA,,,335311,,,,,,,,,,,,,,,,,,,,,,,,,,,,
"Snider Mold Company, Inc. ",USANAFTA,,,333511,,,,,,,,,,,,,,,,,,,,,,,,,,,,
"Sommatool Co., Inc. ",USANAFTA,,,333517,333515,,,,,,,,,,,,,,,,,,,,,,,,,,,
Sono Industries,USANAFTA,,,,,,,,,,,,,,,,,,,,,,,,,,,,,,,
Sortex Scancore,AGNAF,,,,,,,,,,,,,,,,,,,,,,,,,,,,,,,
"South Texas Can Company, Inc. ",USANAFTA,,,332431,,,,,,,,,,,,,,,,,,,,,,,,,,,,
South-Central Timber Development ,USANAFTA,,,321113,,,,,,,,,,,,,,,,,,,,,,,,,,,,
Southern Cotton Oil Company,AGNAF,,,311224,,,,,,,,,,,,,,,,,,,,,,,,,,,,
"Southern Mills, Inc. ",USANAFTA,,,311942,311824,311423,311999,,,,,,,,,,,,,,,,,,,,,,,,,
"Southern Phenix Textile, Inc.",USANAFTA,,,313210,325220,,,,,,,,,,,,,,,,,,,,,,,,,,,
Southwestern Steel Company,FTCOAL,,,,,,,,,,,,,,,,,,,,,,,,,,,,,,,
Southwestern Systems,,,,,,,,,,,,,,,,,,,,,,,,,,,,,,,,
Spacesaver Corporation,USANAFTA,,,337215,,,,,,,,,,,,,,,,,,,,,,,,,,,,
"Spalding & Evenflo Companies, Inc. ",USANAFTA,,,339920,,,,,,,,,,,,,,,,,,,,,,,,,,,,
Sparkle Ice,FTCOAL,,,,,,,,,,,,,,,,,,,,,,,,,,,,,,,
"Sparling Instruments Co., Inc. ",USANAFTA,,,334513,334514,,,,,,,,,,,,,,,,,,,,,,,,,,,
Spartan Tool ,USANAFTA,,,333318,332216,,,,,,,,,,,,,,,,,,,,,,,,,,,
"Spec Industries, Inc. ",USANAFTA,,,327332,327390,,,,,,,,,,,,,,,,,,,,,,,,,,,
Specialized Bicycle ,USANAFTA,,,336991,339920,316210,315190,333912,,,,,,,,,,,,,,,,,,,,,,,,
Spectra Star Kites,FTCOAL,,,339930,,,,,,,,,,,,,,,,,,,,,,,,,,,,
"Spectra-Physics Laserplan, Inc. ",USANAFTA,,,334510,334519,,,,,,,,,,,,,,,,,,,,,,,,,,,
"Spence Engineering Co., Inc. ",USANAFTA,,,332911,333415,,,,,,,,,,,,,,,,,,,,,,,,,,,
Spotlight International,USANAFTA,,,334220,,,,,,,,,,,,,,,,,,,,,,,,,,,,
Springs Industries,USANAFTA,CT11,,313210,313310,314110,314120,,,,,,,,,,,,,,,,,,,,,,,,,
Square D Company,USANAFTA,,,335313,335312,,,,,,,,,,,,,,,,,,,,,,,,,,,
St. Charles Refractories,USANAFTA,,,327120,,,,,,,,,,,,,,,,,,,,,,,,,,,,
St. Louis Flavors Corp. ,USANAFTA,,,311930,,,,,,,,,,,,,,,,,,,,,,,,,,,,
Standard Golf Company ,USANAFTA,,,339920,,,,,,,,,,,,,,,,,,,,,,,,,,,,
Standex International Corporation,USANAFTA,,,333241,332312,333995,332919,332999,333318,,,,,,,,,,,,,,,,,,,,,,,
Stanford Telecom,USANAFTA,,,334210,334290,,,,,,,,,,,,,,,,,,,,,,,,,,,
Star Industries ,USANAFTA,,,333120,333924,333131,,,,,,,,,,,,,,,,,,,,,,,,,,
Star Trailers,USANAFTA,,,336212,,,,,,,,,,,,,,,,,,,,,,,,,,,,
"Steelcase, Inc. ",USANAFTA,,,337214,337121,,,,,,,,,,,,,,,,,,,,,,,,,,,
"Stetron International, Inc. ",USANAFTA,,,334310,334419,334220,334413,,,,,,,,,,,,,,,,,,,,,,,,,
"STI / Kings Plush, Inc. ",USANAFTA,,,313210,,,,,,,,,,,,,,,,,,,,,,,,,,,,
Stimson Lumber ,USANAFTA,,,321113,321114,,,,,,,,,,,,,,,,,,,,,,,,,,,
Stinson Seafood Company,USANAFTA,,,311710,,,,,,,,,,,,,,,,,,,,,,,,,,,,
"Stockwell Rubber Co., Inc. ",USANAFTA,,,325212,339991,,,,,,,,,,,,,,,,,,,,,,,,,,,
"Stoelting, Inc. ",USANAFTA,,,333415,333318,333241,,,,,,,,,,,,,,,,,,,,,,,,,,
Stone Container Corporation,USANAFTA,,,322130,322219,322212,322211,,,,,,,,,,,,,,,,,,,,,,,,,
"Stone Hill Wine Co., Inc. ",USANAFTA,,,312130,,,,,,,,,,,,,,,,,,,,,,,,,,,,
"Storer Fab. Co., Inc. ",USANAFTA,,,,,,,,,,,,,,,,,,,,,,,,,,,,,,,
Stratgene,USANAFTA,,,334516,,,,,,,,,,,,,,,,,,,,,,,,,,,,
"Strong International, Inc. ",USANAFTA,,,,,,,,,,,,,,,,,,,,,,,,,,,,,,,
Sumitomo Electric Fiber Optics Corp.,USANAFTA,,,327212,334417,,,,,,,,,,,,,,,,,,,,,,,,,,,
Sumitomo Machinery Corp. Of America ,USANAFTA,,,333612,,,,,,,,,,,,,,,,,,,,,,,,,,,,
"Sunbelt Industries, Inc. ",USANAFTA,,,327910,,,,,,,,,,,,,,,,,,,,,,,,,,,,
"Sunbury Textile Mills, Inc. ",USANAFTA,,,313210,,,,,,,,,,,,,,,,,,,,,,,,,,,,
Sun Diamond Growers,AGNAF,,,111335,,,,,,,,,,,,,,,,,,,,,,,,,,,,
Sun Microsystems,FTCOAL,,,334111,334112,334118,,,,,,,,,,,,,,,,,,,,,,,,,,
Sunnen International,USANAFTA,,,333517,333515,,,,,,,,,,,,,,,,,,,,,,,,,,,
Sunwest Milling,AGNAF,,,311212,,,,,,,,,,,,,,,,,,,,,,,,,,,,
Superior Fire Apparatus Co. ,USANAFTA,,,332919,332911,,,,,,,,,,,,,,,,,,,,,,,,,,,
"Superior Printing Ink Co., Inc. ",USANAFTA,,,325910,,,,,,,,,,,,,,,,,,,,,,,,,,,,
Superior Technical Ceramics,USANAFTA,,,327420,,,,,,,,,,,,,,,,,,,,,,,,,,,,
Supreme Rice Mill,AGNAF,,,311212,,,,,,,,,,,,,,,,,,,,,,,,,,,,
Syntex Corporation,FTCOAL,,,325411,325412,,,,,,,,,,,,,,,,,,,,,,,,,,,
"Sweepster, Inc.",USANAFTA,,,333120,,,,,,,,,,,,,,,,,,,,,,,,,,,,
"Swift Textiles, Inc. ",USANAFTA,,,313110,,,,,,,,,,,,,,,,,,,,,,,,,,,,
Swindell Dressler International Co. ,USANAFTA,,,333249,,,,,,,,,,,,,,,,,,,,,,,,,,,,
Sybron Corporation,USANAFTA,,,339114,339116,,,,,,,,,,,,,,,,,,,,,,,,,,,
T & B Foundry Company,USANAFTA,,,331511,,,,,,,,,,,,,,,,,,,,,,,,,,,,
T & S Hardwoods ,USANAFTA,,,321912,321999,321113,,,,,,,,,,,,,,,,,,,,,,,,,,
Tangram,USANAFTA,,,,,,,,,,,,,,,,,,,,,,,,,,,,,,,
Tanon Manufacturers ,USANAFTA,,,334111,,,,,,,,,,,,,,,,,,,,,,,,,,,,
Tapco inc.,USANAFTA,,,333922,332722,332991,,,,,,,,,,,,,,,,,,,,,,,,,,
Tastemaker,USANAFTA,,,311930,,,,,,,,,,,,,,,,,,,,,,,,,,,,
Taylor Lumber inc.,USANAFTA,,,321912,321920,321918,,,,,,,,,,,,,,,,,,,,,,,,,,
Taylor Machine Works International inc.,USANAFTA,,,332710,,,,,,,,,,,,,,,,,,,,,,,,,,,,
Taylor-Ramsey Corp,USANAFTA,,,321211,321912,321918,321212,,,,,,,,,,,,,,,,,,,,,,,,,
"Team Industries, inc.",USANAFTA,,,332996,,,,,,,,,,,,,,,,,,,,,,,,,,,,
Techint Incorporated,FTCOAL,,,331210,331110,,,,,,,,,,,,,,,,,,,,,,,,,,,
"Techniplas, inc.",USANAFTA,,,326121,326199,,,,,,,,,,,,,,,,,,,,,,,,,,,
Telect inc.,USANAFTA,,,334210,334290,335313,,,,,,,,,,,,,,,,,,,,,,,,,,
Tell City Chair Company,USANAFTA,,,337127,337122,,,,,,,,,,,,,,,,,,,,,,,,,,,
"Temtex Industries, inc.",USANAFTA,,,327120,333414,332999,,,,,,,,,,,,,,,,,,,,,,,,,,
Tenneco,FTCOAL,,,336310,336330,336390,,,,,,,,,,,,,,,,,,,,,,,,,,
Tepeyac Produce Company,FTCOAL,,,111219,,,,,,,,,,,,,,,,,,,,,,,,,,,,
"Teraco, inc.",USANAFTA,,,326199,326121,326199,,,,,,,,,,,,,,,,,,,,,,,,,,
"Tex-o-cal Hardwoods, inc.",USANAFTA,,,113310,321999,321113,,,,,,,,,,,,,,,,,,,,,,,,,,
Tex-Tub Division - Cyclops Corporation,CT2 ,,,331210,,,,,,,,,,,,,,,,,,,,,,,,,,,,
Texaco,USANAFTA,,,212111,211111,,,,,,,,,,,,,,,,,,,,,,,,,,,
Texas Apparel,FTCOAL,,,,,,,,,,,,,,,,,,,,,,,,,,,,,,,
Texas Instruments ,USANAFTA,FTCOAL,,334419,334413,334511,334220,,,,,,,,,,,,,,,,,,,,,,,,,
Texas Power Nailers ,USANAFTA,,,333991,,,,,,,,,,,,,,,,,,,,,,,,,,,,
"Texas-hai, L.P.",USANAFTA,,,,,,,,,,,,,,,,,,,,,,,,,,,,,,,
"Textile Tape Weavers, inc.",USANAFTA,,,313220,313221,224198,,,,,,,,,,,,,,,,,,,,,,,,,,
"Textron, inc.",USANAFTA,,,336411,,,,,,,,,,,,,,,,,,,,,,,,,,,,
Theis Precision Steel Corp.,USANAFTA,,,331111,331221,,,,,,,,,,,,,,,,,,,,,,,,,,,
Themac inc.,USANAFTA,,,333517,,,,,,,,,,,,,,,,,,,,,,,,,,,,
"Thermo-flex, inc.",USANAFTA,,,326299,,,,,,,,,,,,,,,,,,,,,,,,,,,,
"Thomaston Mills, inc.",USANAFTA,,,313312,313311,313210,,,,,,,,,,,,,,,,,,,,,,,,,,
Tietex Corporation ,USANAFTA,,,315990,,,,,,,,,,,,,,,,,,,,,,,,,,,,
Timber Products Co.,USANAFTA,,,321211,321212,,,,,,,,,,,,,,,,,,,,,,,,,,,
Toledo Ship Repair Co.,USANAFTA,,,336611,,,,,,,,,,,,,,,,,,,,,,,,,,,,
Tom Wheatley Valve Co.,CT26 ,,,332911,,,,,,,,,,,,,,,,,,,,,,,,,,,,
Tomlinson Industries ,USANAFTA,,,332119,332116,333294,,,,,,,,,,,,,,,,,,,,,,,,,,
Tonka Corporation,CT2 ,,,339930,,,,,,,,,,,,,,,,,,,,,,,,,,,,
"Total Industries, inc.",USANAFTA,,,332710,,,,,,,,,,,,,,,,,,,,,,,,,,,,
"Touchstone, inc.",USANAFTA,,,333911,,,,,,,,,,,,,,,,,,,,,,,,,,,,
Tradewest Hardwood Co.,USANAFTA,,,337122,337211,,,,,,,,,,,,,,,,,,,,,,,,,,,
Trans-matic,USANAFTA,,,332119,336370,332116,,,,,,,,,,,,,,,,,,,,,,,,,,
"Transtech, inc.",USANAFTA,,,335122,335110,334310,334129,,,,,,,,,,,,,,,,,,,,,,,,,
Travomatic Corp.,USANAFTA,,,326160,,,,,,,,,,,,,,,,,,,,,,,,,,,,
Trico Technologies Corp.,USANAFTA,,,336390,,,,,,,,,,,,,,,,,,,,,,,,,,,,
"Trilogy Communications, inc.",USANAFTA,,,331491,335929,335798,331491,331319,,,,,,,,,,,,,,,,,,,,,,,,
Trio Manufactuirng Company,USANAFTA,,,111920,399999,,,,,,,,,,,,,,,,,,,,,,,,,,,
"Triple/S Dynamics, inc.",USANAFTA,,,332410,332710,332312,,,,,,,,,,,,,,,,,,,,,,,,,,
Triple E Produce,FTCOAL,,,111219,,,,,,,,,,,,,,,,,,,,,,,,,,,,
Trompeter Electronics ,USANAFTA,,,334417,,,,,,,,,,,,,,,,,,,,,,,,,,,,
Truck Cab Manufacturers ,USANAFTA,,,333120,333924,336211,,,,,,,,,,,,,,,,,,,,,,,,,,
True Companies ,USANAFTA,,,211111,,,,,,,,,,,,,,,,,,,,,,,,,,,,
TRW inc.,USANAFTA,FTCOAL,,336111,336390,332439,336211,,,,,,,,,,,,,,,,,,,,,,,,,
TSE Brakes,FTCOAL,,,366340,,,,,,,,,,,,,,,,,,,,,,,,,,,,
"Tyson Foods, inc.",USANAFTA,,,311611,311119,311830,115210,311615,311612,311412,,,,,,,,,,,,,,,,,,,,,,
"U.S. Battery Mfg., inc.",USANAFTA,,,335911,335912,,,,,,,,,,,,,,,,,,,,,,,,,,,
"U.S. Entereck, inc.",USANAFTA,,,,,,,,,,,,,,,,,,,,,,,,,,,,,,,
"U.S. Tsubaki, inc.",USANAFTA,,,333613,,,,,,,,,,,,,,,,,,,,,,,,,,,,
"Ultrafab, inc.",USANAFTA,,,313111,332321,,,,,,,,,,,,,,,,,,,,,,,,,,,
"Unifi, inc.",USANAFTA,,,313110,313111,322214,313112,313312,314999,,,,,,,,,,,,,,,,,,,,,,,
Union Camp Corporation,USANAFTA,FTCOAL,,322121,322231,321211,,,,,,,,,,,,,,,,,,,,,,,,,,
"United Barcode Industries, inc.",USANAFTA,,,334118,334419,,,,,,,,,,,,,,,,,,,,,,,,,,,
Union Carbide,USANAFTA,FTCOAL,,325211,325212,,,,,,,,,,,,,,,,,,,,,,,,,,,
Union City Mirror Table Company,USANAFTA,,,337122,,,,,,,,,,,,,,,,,,,,,,,,,,,,
United Manufacturing,FTCOAL,,,332119,331222,,,,,,,,,,,,,,,,,,,,,,,,,,,
United States Manufacturing Company,USANAFTA,,,,,,,,,,,,,,,,,,,,,,,,,,,,,,,
United Technologies Corporation,USANAFTA,FTCOAL,,333921,333922,333413,333414,333415,,,,,,,,,,,,,,,,,,,,,,,,
Unity Manufacturing,USANAFTA,,,332999,332322,335932,,,,,,,,,,,,,,,,,,,,,,,,,,
"Universal Dynamics, incorporated",USANAFTA,,,333249,333415,333295,333220,332410,333994,,,,,,,,,,,,,,,,,,,,,,,
"Universal Epsco, inc. ",USANAFTA,,,333911,,,,,,,,,,,,,,,,,,,,,,,,,,,,
Universal Leaf Tobacco,FTCOAL,,,111910,,,,,,,,,,,,,,,,,,,,,,,,,,,,
Upjohn Company,FTCOAL,,,325411,325412,,,,,,,,,,,,,,,,,,,,,,,,,,,
US Axle inc.,USANAFTA,,,336399,333999,336390,359903,,,,,,,,,,,,,,,,,,,,,,,,,
USX Corporation,USANAFTA,FTCOAL,,331110,331111,,,,,,,,,,,,,,,,,,,,,,,,,,,
"Valdese Weavers, inc.",USANAFTA,,,313210,313311,334514,313312,,,,,,,,,,,,,,,,,,,,,,,,,
Valent USA,AGNAF,,,325320,,,,,,,,,,,,,,,,,,,,,,,,,,,,
Valero Energy Corporation,USANAFTA,CT26 ,,324110,211112,,,,,,,,,,,,,,,,,,,,,,,,,,,
Varian,USANAFTA,,,334510,334517,334419,334516,,,,,,,,,,,,,,,,,,,,,,,,,
Vertek International inc.,USANAFTA,FTCOAL,,334413,,,,,,,,,,,,,,,,,,,,,,,,,,,,
"Vest, inc.",CT5 ,,,,,,,,,,,,,,,,,,,,,,,,,,,,,,,
Vestil Manufacturing Company,USANAFTA,,,332999,333924,,,,,,,,,,,,,,,,,,,,,,,,,,,
VIRCO,FTCOAL,,,337127,,,,,,,,,,,,,,,,,,,,,,,,,,,,
Vista Chemical,USANAFTA,CT5,,333514,333515,331491,,,,,,,,,,,,,,,,,,,,,,,,,,
Vitrek Corp.,CT5,,,334515,335313,,,,,,,,,,,,,,,,,,,,,,,,,,,
Vitro Packaging,USANAFTA,CT2,,327211,,,,,,,,,,,,,,,,,,,,,,,,,,,,
"Vulcan Industries, inc.",USANAFTA,,,332999,,,,,,,,,,,,,,,,,,,,,,,,,,,,
Vulcan Materials Co.,USANAFTA,,,324121,212312,327331,212321,327320,,,,,,,,,,,,,,,,,,,,,,,,
VVP America Inc.,USANAFTA,,,324199,,,,,,,,,,,,,,,,,,,,,,,,,,,,
W. A. Cleary ,USANAFTA,,,311352,311225,,,,,,,,,,,,,,,,,,,,,,,,,,,
"W. J. Bullock, incorporated",USANAFTA,,,331492,331314,331423,,,,,,,,,,,,,,,,,,,,,,,,,,
W. M. Cramer Lumber Co.,USANAFTA,,,321113,321912,,,,,,,,,,,,,,,,,,,,,,,,,,,
W. R. Grace & Co. ,USANAFTA,,,326150,325520,311942,325998,327332,325314,,,,,,,,,,,,,,,,,,,,,,,
Walbro Corporation,FTCOAL,,,336390,336310,336320,,,,,,,,,,,,,,,,,,,,,,,,,,
Walter H. Weaber Sons inc.,USANAFTA,,,321918,321211,321113,,,,,,,,,,,,,,,,,,,,,,,,,,
Walter Truck Corporation,USANAFTA,,,333924,336120,,,,,,,,,,,,,,,,,,,,,,,,,,,
"Walton Monroe Mills, inc.",USANAFTA,,,314999,313210,,,,,,,,,,,,,,,,,,,,,,,,,,,
Wardley Corporation,USANAFTA,,,311119,,,,,,,,,,,,,,,,,,,,,,,,,,,,
Warnaco,USANAFTA,FTCOAL,,315240,315231,315222,315228,315239,315220,,,,,,,,,,,,,,,,,,,,,,,
Warner-Lambert Company,USANAFTA,FTCOAL,,325412,221118,,,,,,,,,,,,,,,,,,,,,,,,,,,
Wateree Textile Corp.,USANAFTA,,,314999,,,,,,,,,,,,,,,,,,,,,,,,,,,,
Waterlox Chemical and Coatings Corp.,USANAFTA,,,325510,,,,,,,,,,,,,,,,,,,,,,,,,,,,
"Watkins Manufacturing, inc.",USANAFTA,,,332710,345101,333515,332213,312112,,,,,,,,,,,,,,,,,,,,,,,,
"Waukesha Cutting Tools, inc.",USANAFTA,,,333999,333515,,,,,,,,,,,,,,,,,,,,,,,,,,,
Wayne Engineering Corporation ,USANAFTA,,,333923,336211,,,,,,,,,,,,,,,,,,,,,,,,,,,
Webster Industries inc.,USANAFTA,,,241102,113310,321918,321999,,,,,,,,,,,,,,,,,,,,,,,,,
Wehadkee Yarn Mills ,USANAFTA,,,313111,313312,,,,,,,,,,,,,,,,,,,,,,,,,,,
Weiler and Co. Inc. ,USANAFTA,,,333294,,,,,,,,,,,,,,,,,,,,,,,,,,,,
Weld Tooling Crp.,USANAFTA,,,333518,333992,334418,,,,,,,,,,,,,,,,,,,,,,,,,,
"Weldun International, inc.",USANAFTA,,,333298,,,,,,,,,,,,,,,,,,,,,,,,,,,,
"Werner Works, inc.",USANAFTA,,,315210,315211,315222,,,,,,,,,,,,,,,,,,,,,,,,,,
West Coast Picture Corporation,USANAFTA,,,339999,,,,,,,,,,,,,,,,,,,,,,,,,,,,
West Company,USANAFTA,,,325412,339112,339113,,,,,,,,,,,,,,,,,,,,,,,,,,
West Coast Industries,FTCOAL,,,337121,,,,,,,,,,,,,,,,,,,,,,,,,,,,
"Western Industries, inc.",USANAFTA,,,332312,,,,,,,,,,,,,,,,,,,,,,,,,,,,
"Western Textile Products Co., inc.",USANAFTA,,,314999,336360,,,,,,,,,,,,,,,,,,,,,,,,,,,
Westinghouse,FTCOAL,,,332410,332911,,,,,,,,,,,,,,,,,,,,,,,,,,,
Westvaco,USANAFTA,,,322212,322220,326112,,,,,,,,,,,,,,,,,,,,,,,,,,
Wetsel Seed Company,AGNAF,,,111219,111918,,,,,,,,,,,,,,,,,,,,,,,,,,,
Weyerhaeuser Company,USANAFTA,FTCOAL,,321912,321215,321213,321219,321999,,,,,,,,,,,,,,,,,,,,,,,,
Whirlpool Corporation,USANAFTA,CT1 ,CT18/FTCOAL,335224,335228,333319,333298,335222,335211,333415,,,,,,,,,,,,,,,,,,,,,,
Whitacre Greer Fire Proofing Co.,USANAFTA,,,327120,,,,,,,,,,,,,,,,,,,,,,,,,,,,
Whitson Lumber Co.,USANAFTA,,,321912,,,,,,,,,,,,,,,,,,,,,,,,,,,,
"Wilkins-Rogers, inc.",USANAFTA,,,311211,115114,311119,,,,,,,,,,,,,,,,,,,,,,,,,,
"Willert Home Products, inc.",USANAFTA,,,325320,325199,325612,325611,326199,326199,325180,,,,,,,,,,,,,,,,,,,,,,
Williamette Industries inc.,USANAFTA,,,312230,,,,,,,,,,,,,,,,,,,,,,,,,,,,
Williams International,USANAFTA,,,,,,,,,,,,,,,,,,,,,,,,,,,,,,,
"Williams Machine Co., inc.",USANAFTA,,,332710,,,,,,,,,,,,,,,,,,,,,,,,,,,,
Williams Paper Co.,USANAFTA,,,333999,322130,322299,322200,,,,,,,,,,,,,,,,,,,,,,,,,
Wilson Jones,FTCOAL,,,323111,332618,322230,,,,,,,,,,,,,,,,,,,,,,,,,,
Wimarco International,USANAFTA,,,,,,,,,,,,,,,,,,,,,,,,,,,,,,,
Windway Capital Corp.,USANAFTA,,,327110,336612,332999,,,,,,,,,,,,,,,,,,,,,,,,,,
Wiretech,USANAFTA,,,331222,,,,,,,,,,,,,,,,,,,,,,,,,,,,
Wise Santo Co.,USANAFTA,,,,,,,,,,,,,,,,,,,,,,,,,,,,,,,
Witco Corporation ,USANAFTA,,,,,,,,,,,,,,,,,,,,,,,,,,,,,,,
"Wood-Mizer Products, inc.",USANAFTA,,,333243,321113,355398,333291,333210,333132,,,,,,,,,,,,,,,,,,,,,,,
"Woodhead Industries, inc.",USANAFTA,,,335931,334515,333999,334290,335129,326299,335931,,,,,,,,,,,,,,,,,,,,,,
World Wood Co.,USANAFTA,,,321999,,,,,,,,,,,,,,,,,,,,,,,,,,,,
"Worldwise, inc.",USANAFTA,,,,,,,,,,,,,,,,,,,,,,,,,,,,,,,
Worthington Industries ,USANAFTA,,,331110,331221,331111,332999,332312,332116,331513,,,,,,,,,,,,,,,,,,,,,,
"Wright Brand Foods, inc.",USANAFTA,,,311941,311611,311612,,,,,,,,,,,,,,,,,,,,,,,,,,
"WSF Industries, inc.",USANAFTA,,,332420,332313,,,,,,,,,,,,,,,,,,,,,,,,,,,
"Wynn's Climate System, inc.",USANAFTA,,,332999,,,,,,,,,,,,,,,,,,,,,,,,,,,,
Xerox Corporation ,USANAFTA,FTCOAL,,334118,334119,333313,333315,333244,,,,,,,,,,,,,,,,,,,,,,,,
Yost Superior Co.,USANAFTA,,,334518,332612,332510,,,,,,,,,,,,,,,,,,,,,,,,,,
Yuma Truss Co.,FTCOAL,,,321214,,,,,,,,,,,,,,,,,,,,,,,,,,,,
Hygeia Dairy Company ,USANAFTA,,,311511,,,,,,,,,,,,,,,,,,,,,,,,,,,,
"Zaclon, inc.",USANAFTA,,,325188,211112,325199,325180,325998,,,,,,,,,,,,,,,,,,,,,,,,
"Zalk Josephs Fabricators, inc.",USANAFTA,,,332312,344106,,,,,,,,,,,,,,,,,,,,,,,,,,,
Zenith Electronics Corporation,USANAFTA,FTCOAL,,334310,334412,,,,,,,,,,,,,,,,,,,,,,,,,,,
Zephyr Manufacturing Co.,USANAFTA,,,333991,354600,332212,332216,,,,,,,,,,,,,,,,,,,,,,,,,
"Zero Zone Refrigerator Mfg. Co., inc. ",USANAFTA,,,333415,336391,339999,335222,334415,,,,,,,,,,,,,,,,,,,,,,,,
"Zical, ltd.",USANAFTA,,,,,,,,,,,,,,,,,,,,,,,,,,,,,,,
Zolio's Furniture inc.,USANAFTA,,,,,,,,,,,,,,,,,,,,,,,,,,,,,,,
"Zurn Industries, inc.",USANAFTA,,,339999,332913,332999,333611,,,,,,,,,,,,,,,,,,,,,,,,,
"de Van Sealants, inc.",USANAFTA,,,325520,,,,,,,,,,,,,,,,,,,,,,,,,,,,
